{
    "presets": [
        {
            "name": "Custom",
            "identifier": "",
            "group": "",
            "width": 296.99999699062769,
            "height": 209.9999994489882,
            "units": "millimetersUnit",
            "profile": "sRGB IEC61966-2.1",
            "resolution": 72.0,
            "resolutionUnits": "inchesUnit",
            "depth": 32,
            "scale": 1.0,
            "mode": "RGB",
            "fill": "white",
            "guides": [],
            "artboards": [],
            "lastUsedTime": 1607629524955
        },
        {
            "name": "A4 600 ppi landscape",
            "identifier": "",
            "group": "user",
            "width": 297.0,
            "height": 210.0,
            "units": "millimetersUnit",
            "profile": "default",
            "resolution": 600.0,
            "resolutionUnits": "inchesUnit",
            "depth": 32,
            "scale": 1.0,
            "mode": "RGB",
            "fill": "white",
            "guides": [],
            "artboards": [],
            "lastUsedTime": 1607379021011
        },
        {
            "name": "Default Photoshop Size",
            "identifier": "",
            "group": "default",
            "width": 16.002,
            "height": 11.997266666666669,
            "units": "centimetersUnit",
            "profile": "default",
            "resolution": 118.11023622047245,
            "resolutionUnits": "centimetersUnit",
            "depth": 8,
            "scale": 1.0,
            "mode": "RGB",
            "fill": "white",
            "guides": [],
            "artboards": [],
            "lastUsedTime": 1606857691222
        }
    ]
}