{
    "sections": [
        {
            "section": "user",
            "presets": [
                {
                    "name": "A4 600 ppi landscape",
                    "group": "user",
                    "width": 297.0,
                    "height": 210.0,
                    "units": "millimetersUnit",
                    "profile": "default",
                    "resolution": 600.0,
                    "resolutionUnits": "inchesUnit",
                    "depth": 32,
                    "scale": 1.0,
                    "mode": "RGB",
                    "fill": "white",
                    "guides": [],
                    "artboards": [],
                    "lastUsedTime": 1606857691222
                }
            ]
        }
    ]
}