<?xml version='1.0'?>
<prop.map version='4'>
<prop.list>
<prop.pair>
<key>DialogInfo</key>
<prop.list>
<prop.pair>
<key>AIToolbarDrawer</key>
<string>&lt;prop.list&gt;
&lt;prop.pair&gt;
&lt;key&gt;DialogID&lt;/key&gt;
&lt;ustring&gt;AIToolbarDrawer&lt;/ustring&gt;
&lt;/prop.pair&gt;
&lt;prop.pair&gt;
&lt;key&gt;Position&lt;/key&gt;
&lt;array&gt;
&lt;array.type&gt;&lt;int type=&apos;signed&apos; size=&apos;32&apos;/&gt;&lt;/array.type&gt;
&lt;int type=&apos;signed&apos; size=&apos;32&apos;&gt;70&lt;/int&gt;
&lt;int type=&apos;signed&apos; size=&apos;32&apos;&gt;112&lt;/int&gt;
&lt;int type=&apos;signed&apos; size=&apos;32&apos;&gt;0&lt;/int&gt;
&lt;int type=&apos;signed&apos; size=&apos;32&apos;&gt;0&lt;/int&gt;
&lt;/array&gt;
&lt;/prop.pair&gt;
&lt;/prop.list&gt;
</string>
</prop.pair>
<prop.pair>
<key>AdobeBrushes_PopupPanel</key>
<string>&lt;prop.list&gt;
&lt;prop.pair&gt;
&lt;key&gt;DialogID&lt;/key&gt;
&lt;ustring&gt;AdobeBrushes_PopupPanel&lt;/ustring&gt;
&lt;/prop.pair&gt;
&lt;prop.pair&gt;
&lt;key&gt;Position&lt;/key&gt;
&lt;array&gt;
&lt;array.type&gt;&lt;int type=&apos;signed&apos; size=&apos;32&apos;/&gt;&lt;/array.type&gt;
&lt;int type=&apos;signed&apos; size=&apos;32&apos;&gt;562&lt;/int&gt;
&lt;int type=&apos;signed&apos; size=&apos;32&apos;&gt;103&lt;/int&gt;
&lt;int type=&apos;signed&apos; size=&apos;32&apos;&gt;0&lt;/int&gt;
&lt;int type=&apos;signed&apos; size=&apos;32&apos;&gt;0&lt;/int&gt;
&lt;/array&gt;
&lt;/prop.pair&gt;
&lt;/prop.list&gt;
</string>
</prop.pair>
<prop.pair>
<key>BrushManager_NewBrushOptionsDialog</key>
<string>&lt;prop.list&gt;
&lt;prop.pair&gt;
&lt;key&gt;DialogID&lt;/key&gt;
&lt;ustring&gt;BrushManager_NewBrushOptionsDialog&lt;/ustring&gt;
&lt;/prop.pair&gt;
&lt;prop.pair&gt;
&lt;key&gt;Position&lt;/key&gt;
&lt;array&gt;
&lt;array.type&gt;&lt;int type=&apos;signed&apos; size=&apos;32&apos;/&gt;&lt;/array.type&gt;
&lt;int type=&apos;signed&apos; size=&apos;32&apos;&gt;1076&lt;/int&gt;
&lt;int type=&apos;signed&apos; size=&apos;32&apos;&gt;550&lt;/int&gt;
&lt;int type=&apos;signed&apos; size=&apos;32&apos;&gt;0&lt;/int&gt;
&lt;int type=&apos;signed&apos; size=&apos;32&apos;&gt;0&lt;/int&gt;
&lt;/array&gt;
&lt;/prop.pair&gt;
&lt;/prop.list&gt;
</string>
</prop.pair>
<prop.pair>
<key>BrushManager_PaintbrushToolOptionsDialog</key>
<string>&lt;prop.list&gt;
&lt;prop.pair&gt;
&lt;key&gt;DialogID&lt;/key&gt;
&lt;ustring&gt;BrushManager_PaintbrushToolOptionsDialog&lt;/ustring&gt;
&lt;/prop.pair&gt;
&lt;prop.pair&gt;
&lt;key&gt;Position&lt;/key&gt;
&lt;array&gt;
&lt;array.type&gt;&lt;int type=&apos;signed&apos; size=&apos;32&apos;/&gt;&lt;/array.type&gt;
&lt;int type=&apos;signed&apos; size=&apos;32&apos;&gt;978&lt;/int&gt;
&lt;int type=&apos;signed&apos; size=&apos;32&apos;&gt;372&lt;/int&gt;
&lt;int type=&apos;signed&apos; size=&apos;32&apos;&gt;0&lt;/int&gt;
&lt;int type=&apos;signed&apos; size=&apos;32&apos;&gt;0&lt;/int&gt;
&lt;/array&gt;
&lt;/prop.pair&gt;
&lt;/prop.list&gt;
</string>
</prop.pair>
<prop.pair>
<key>CleanupUI_CleanupUIOptionsDialog</key>
<string>&lt;prop.list&gt;
&lt;prop.pair&gt;
&lt;key&gt;DialogID&lt;/key&gt;
&lt;ustring&gt;CleanupUI_CleanupUIOptionsDialog&lt;/ustring&gt;
&lt;/prop.pair&gt;
&lt;prop.pair&gt;
&lt;key&gt;Position&lt;/key&gt;
&lt;array&gt;
&lt;array.type&gt;&lt;int type=&apos;signed&apos; size=&apos;32&apos;/&gt;&lt;/array.type&gt;
&lt;int type=&apos;signed&apos; size=&apos;32&apos;&gt;1076&lt;/int&gt;
&lt;int type=&apos;signed&apos; size=&apos;32&apos;&gt;472&lt;/int&gt;
&lt;int type=&apos;signed&apos; size=&apos;32&apos;&gt;0&lt;/int&gt;
&lt;int type=&apos;signed&apos; size=&apos;32&apos;&gt;0&lt;/int&gt;
&lt;/array&gt;
&lt;/prop.pair&gt;
&lt;/prop.list&gt;
</string>
</prop.pair>
<prop.pair>
<key>ColorPickerDlg</key>
<string>&lt;prop.list&gt;
&lt;prop.pair&gt;
&lt;key&gt;DialogID&lt;/key&gt;
&lt;ustring&gt;ColorPickerDlg&lt;/ustring&gt;
&lt;/prop.pair&gt;
&lt;prop.pair&gt;
&lt;key&gt;Position&lt;/key&gt;
&lt;array&gt;
&lt;array.type&gt;&lt;int type=&apos;signed&apos; size=&apos;32&apos;/&gt;&lt;/array.type&gt;
&lt;int type=&apos;signed&apos; size=&apos;32&apos;&gt;782&lt;/int&gt;
&lt;int type=&apos;signed&apos; size=&apos;32&apos;&gt;341&lt;/int&gt;
&lt;int type=&apos;signed&apos; size=&apos;32&apos;&gt;0&lt;/int&gt;
&lt;int type=&apos;signed&apos; size=&apos;32&apos;&gt;0&lt;/int&gt;
&lt;/array&gt;
&lt;/prop.pair&gt;
&lt;/prop.list&gt;
</string>
</prop.pair>
<prop.pair>
<key>ColorPopupPanel</key>
<string>&lt;prop.list&gt;
&lt;prop.pair&gt;
&lt;key&gt;DialogID&lt;/key&gt;
&lt;ustring&gt;ColorPopupPanel&lt;/ustring&gt;
&lt;/prop.pair&gt;
&lt;prop.pair&gt;
&lt;key&gt;Position&lt;/key&gt;
&lt;array&gt;
&lt;array.type&gt;&lt;int type=&apos;signed&apos; size=&apos;32&apos;/&gt;&lt;/array.type&gt;
&lt;int type=&apos;signed&apos; size=&apos;32&apos;&gt;1083&lt;/int&gt;
&lt;int type=&apos;signed&apos; size=&apos;32&apos;&gt;735&lt;/int&gt;
&lt;int type=&apos;signed&apos; size=&apos;32&apos;&gt;0&lt;/int&gt;
&lt;int type=&apos;signed&apos; size=&apos;32&apos;&gt;0&lt;/int&gt;
&lt;/array&gt;
&lt;/prop.pair&gt;
&lt;/prop.list&gt;
</string>
</prop.pair>
<prop.pair>
<key>ConsolidatedColorPopup</key>
<string>&lt;prop.list&gt;
&lt;prop.pair&gt;
&lt;key&gt;DialogID&lt;/key&gt;
&lt;ustring&gt;ConsolidatedColorPopup&lt;/ustring&gt;
&lt;/prop.pair&gt;
&lt;prop.pair&gt;
&lt;key&gt;Position&lt;/key&gt;
&lt;array&gt;
&lt;array.type&gt;&lt;int type=&apos;signed&apos; size=&apos;32&apos;/&gt;&lt;/array.type&gt;
&lt;int type=&apos;signed&apos; size=&apos;32&apos;&gt;1748&lt;/int&gt;
&lt;int type=&apos;signed&apos; size=&apos;32&apos;&gt;553&lt;/int&gt;
&lt;int type=&apos;signed&apos; size=&apos;32&apos;&gt;0&lt;/int&gt;
&lt;int type=&apos;signed&apos; size=&apos;32&apos;&gt;0&lt;/int&gt;
&lt;/array&gt;
&lt;/prop.pair&gt;
&lt;/prop.list&gt;
</string>
</prop.pair>
<prop.pair>
<key>Expand_ObjectExpandOptionsDialog</key>
<string>&lt;prop.list&gt;
&lt;prop.pair&gt;
&lt;key&gt;DialogID&lt;/key&gt;
&lt;ustring&gt;Expand_ObjectExpandOptionsDialog&lt;/ustring&gt;
&lt;/prop.pair&gt;
&lt;prop.pair&gt;
&lt;key&gt;Position&lt;/key&gt;
&lt;array&gt;
&lt;array.type&gt;&lt;int type=&apos;signed&apos; size=&apos;32&apos;/&gt;&lt;/array.type&gt;
&lt;int type=&apos;signed&apos; size=&apos;32&apos;&gt;1075&lt;/int&gt;
&lt;int type=&apos;signed&apos; size=&apos;32&apos;&gt;382&lt;/int&gt;
&lt;int type=&apos;signed&apos; size=&apos;32&apos;&gt;0&lt;/int&gt;
&lt;int type=&apos;signed&apos; size=&apos;32&apos;&gt;0&lt;/int&gt;
&lt;/array&gt;
&lt;/prop.pair&gt;
&lt;/prop.list&gt;
</string>
</prop.pair>
<prop.pair>
<key>FlattenTransparencyUI_FlattenTransparencyUIOptionsDialog</key>
<string>&lt;prop.list&gt;
&lt;prop.pair&gt;
&lt;key&gt;DialogID&lt;/key&gt;
&lt;ustring&gt;FlattenTransparencyUI_FlattenTransparencyUIOptionsDialog&lt;/ustring&gt;
&lt;/prop.pair&gt;
&lt;prop.pair&gt;
&lt;key&gt;Position&lt;/key&gt;
&lt;array&gt;
&lt;array.type&gt;&lt;int type=&apos;signed&apos; size=&apos;32&apos;/&gt;&lt;/array.type&gt;
&lt;int type=&apos;signed&apos; size=&apos;32&apos;&gt;909&lt;/int&gt;
&lt;int type=&apos;signed&apos; size=&apos;32&apos;&gt;270&lt;/int&gt;
&lt;int type=&apos;signed&apos; size=&apos;32&apos;&gt;0&lt;/int&gt;
&lt;int type=&apos;signed&apos; size=&apos;32&apos;&gt;0&lt;/int&gt;
&lt;/array&gt;
&lt;/prop.pair&gt;
&lt;/prop.list&gt;
</string>
</prop.pair>
<prop.pair>
<key>GapOptionDialog</key>
<string>&lt;prop.list&gt;
&lt;prop.pair&gt;
&lt;key&gt;DialogID&lt;/key&gt;
&lt;ustring&gt;GapOptionDialog&lt;/ustring&gt;
&lt;/prop.pair&gt;
&lt;prop.pair&gt;
&lt;key&gt;Position&lt;/key&gt;
&lt;array&gt;
&lt;array.type&gt;&lt;int type=&apos;signed&apos; size=&apos;32&apos;/&gt;&lt;/array.type&gt;
&lt;int type=&apos;signed&apos; size=&apos;32&apos;&gt;913&lt;/int&gt;
&lt;int type=&apos;signed&apos; size=&apos;32&apos;&gt;378&lt;/int&gt;
&lt;int type=&apos;signed&apos; size=&apos;32&apos;&gt;0&lt;/int&gt;
&lt;int type=&apos;signed&apos; size=&apos;32&apos;&gt;0&lt;/int&gt;
&lt;/array&gt;
&lt;/prop.pair&gt;
&lt;/prop.list&gt;
</string>
</prop.pair>
<prop.pair>
<key>GlobAdjToolUI_WidthPointEditDialog</key>
<string>&lt;prop.list&gt;
&lt;prop.pair&gt;
&lt;key&gt;DialogID&lt;/key&gt;
&lt;ustring&gt;GlobAdjToolUI_WidthPointEditDialog&lt;/ustring&gt;
&lt;/prop.pair&gt;
&lt;prop.pair&gt;
&lt;key&gt;Position&lt;/key&gt;
&lt;array&gt;
&lt;array.type&gt;&lt;int type=&apos;signed&apos; size=&apos;32&apos;/&gt;&lt;/array.type&gt;
&lt;int type=&apos;signed&apos; size=&apos;32&apos;&gt;1307&lt;/int&gt;
&lt;int type=&apos;signed&apos; size=&apos;32&apos;&gt;514&lt;/int&gt;
&lt;int type=&apos;signed&apos; size=&apos;32&apos;&gt;0&lt;/int&gt;
&lt;int type=&apos;signed&apos; size=&apos;32&apos;&gt;0&lt;/int&gt;
&lt;/array&gt;
&lt;/prop.pair&gt;
&lt;/prop.list&gt;
</string>
</prop.pair>
<prop.pair>
<key>IllustratorUI_AttributeGalleryUIDialog</key>
<string>&lt;prop.list&gt;
&lt;prop.pair&gt;
&lt;key&gt;DialogID&lt;/key&gt;
&lt;ustring&gt;IllustratorUI_AttributeGalleryUIDialog&lt;/ustring&gt;
&lt;/prop.pair&gt;
&lt;prop.pair&gt;
&lt;key&gt;Position&lt;/key&gt;
&lt;array&gt;
&lt;array.type&gt;&lt;int type=&apos;signed&apos; size=&apos;32&apos;/&gt;&lt;/array.type&gt;
&lt;int type=&apos;signed&apos; size=&apos;32&apos;&gt;918&lt;/int&gt;
&lt;int type=&apos;signed&apos; size=&apos;32&apos;&gt;272&lt;/int&gt;
&lt;int type=&apos;signed&apos; size=&apos;32&apos;&gt;0&lt;/int&gt;
&lt;int type=&apos;signed&apos; size=&apos;32&apos;&gt;0&lt;/int&gt;
&lt;/array&gt;
&lt;/prop.pair&gt;
&lt;/prop.list&gt;
</string>
</prop.pair>
<prop.pair>
<key>IllustratorUI_AverageOptionsDialog</key>
<string>&lt;prop.list&gt;
&lt;prop.pair&gt;
&lt;key&gt;DialogID&lt;/key&gt;
&lt;ustring&gt;IllustratorUI_AverageOptionsDialog&lt;/ustring&gt;
&lt;/prop.pair&gt;
&lt;prop.pair&gt;
&lt;key&gt;Position&lt;/key&gt;
&lt;array&gt;
&lt;array.type&gt;&lt;int type=&apos;signed&apos; size=&apos;32&apos;/&gt;&lt;/array.type&gt;
&lt;int type=&apos;signed&apos; size=&apos;32&apos;&gt;1076&lt;/int&gt;
&lt;int type=&apos;signed&apos; size=&apos;32&apos;&gt;472&lt;/int&gt;
&lt;int type=&apos;signed&apos; size=&apos;32&apos;&gt;0&lt;/int&gt;
&lt;int type=&apos;signed&apos; size=&apos;32&apos;&gt;0&lt;/int&gt;
&lt;/array&gt;
&lt;/prop.pair&gt;
&lt;/prop.list&gt;
</string>
</prop.pair>
<prop.pair>
<key>IllustratorUI_IllustratorOptionsDialog</key>
<string>&lt;prop.list&gt;
&lt;prop.pair&gt;
&lt;key&gt;DialogID&lt;/key&gt;
&lt;ustring&gt;IllustratorUI_IllustratorOptionsDialog&lt;/ustring&gt;
&lt;/prop.pair&gt;
&lt;prop.pair&gt;
&lt;key&gt;Position&lt;/key&gt;
&lt;array&gt;
&lt;array.type&gt;&lt;int type=&apos;signed&apos; size=&apos;32&apos;/&gt;&lt;/array.type&gt;
&lt;int type=&apos;signed&apos; size=&apos;32&apos;&gt;874&lt;/int&gt;
&lt;int type=&apos;signed&apos; size=&apos;32&apos;&gt;93&lt;/int&gt;
&lt;int type=&apos;signed&apos; size=&apos;32&apos;&gt;0&lt;/int&gt;
&lt;int type=&apos;signed&apos; size=&apos;32&apos;&gt;0&lt;/int&gt;
&lt;/array&gt;
&lt;/prop.pair&gt;
&lt;/prop.list&gt;
</string>
</prop.pair>
<prop.pair>
<key>IllustratorUI_MoveOptionsDialog</key>
<string>&lt;prop.list&gt;
&lt;prop.pair&gt;
&lt;key&gt;DialogID&lt;/key&gt;
&lt;ustring&gt;IllustratorUI_MoveOptionsDialog&lt;/ustring&gt;
&lt;/prop.pair&gt;
&lt;prop.pair&gt;
&lt;key&gt;Position&lt;/key&gt;
&lt;array&gt;
&lt;array.type&gt;&lt;int type=&apos;signed&apos; size=&apos;32&apos;/&gt;&lt;/array.type&gt;
&lt;int type=&apos;signed&apos; size=&apos;32&apos;&gt;983&lt;/int&gt;
&lt;int type=&apos;signed&apos; size=&apos;32&apos;&gt;316&lt;/int&gt;
&lt;int type=&apos;signed&apos; size=&apos;32&apos;&gt;0&lt;/int&gt;
&lt;int type=&apos;signed&apos; size=&apos;32&apos;&gt;0&lt;/int&gt;
&lt;/array&gt;
&lt;/prop.pair&gt;
&lt;/prop.list&gt;
</string>
</prop.pair>
<prop.pair>
<key>IllustratorUI_NewDocumentDialog</key>
<string>&lt;prop.list&gt;
&lt;prop.pair&gt;
&lt;key&gt;DialogID&lt;/key&gt;
&lt;ustring&gt;IllustratorUI_NewDocumentDialog&lt;/ustring&gt;
&lt;/prop.pair&gt;
&lt;prop.pair&gt;
&lt;key&gt;Position&lt;/key&gt;
&lt;array&gt;
&lt;array.type&gt;&lt;int type=&apos;signed&apos; size=&apos;32&apos;/&gt;&lt;/array.type&gt;
&lt;int type=&apos;signed&apos; size=&apos;32&apos;&gt;789&lt;/int&gt;
&lt;int type=&apos;signed&apos; size=&apos;32&apos;&gt;287&lt;/int&gt;
&lt;int type=&apos;signed&apos; size=&apos;32&apos;&gt;0&lt;/int&gt;
&lt;int type=&apos;signed&apos; size=&apos;32&apos;&gt;0&lt;/int&gt;
&lt;/array&gt;
&lt;/prop.pair&gt;
&lt;/prop.list&gt;
</string>
</prop.pair>
<prop.pair>
<key>IllustratorUI_RotateOptionsDialog</key>
<string>&lt;prop.list&gt;
&lt;prop.pair&gt;
&lt;key&gt;DialogID&lt;/key&gt;
&lt;ustring&gt;IllustratorUI_RotateOptionsDialog&lt;/ustring&gt;
&lt;/prop.pair&gt;
&lt;prop.pair&gt;
&lt;key&gt;Position&lt;/key&gt;
&lt;array&gt;
&lt;array.type&gt;&lt;int type=&apos;signed&apos; size=&apos;32&apos;/&gt;&lt;/array.type&gt;
&lt;int type=&apos;signed&apos; size=&apos;32&apos;&gt;970&lt;/int&gt;
&lt;int type=&apos;signed&apos; size=&apos;32&apos;&gt;453&lt;/int&gt;
&lt;int type=&apos;signed&apos; size=&apos;32&apos;&gt;0&lt;/int&gt;
&lt;int type=&apos;signed&apos; size=&apos;32&apos;&gt;0&lt;/int&gt;
&lt;/array&gt;
&lt;/prop.pair&gt;
&lt;/prop.list&gt;
</string>
</prop.pair>
<prop.pair>
<key>IllustratorUI_ScaleOptionsDialog</key>
<string>&lt;prop.list&gt;
&lt;prop.pair&gt;
&lt;key&gt;DialogID&lt;/key&gt;
&lt;ustring&gt;IllustratorUI_ScaleOptionsDialog&lt;/ustring&gt;
&lt;/prop.pair&gt;
&lt;prop.pair&gt;
&lt;key&gt;Position&lt;/key&gt;
&lt;array&gt;
&lt;array.type&gt;&lt;int type=&apos;signed&apos; size=&apos;32&apos;/&gt;&lt;/array.type&gt;
&lt;int type=&apos;signed&apos; size=&apos;32&apos;&gt;983&lt;/int&gt;
&lt;int type=&apos;signed&apos; size=&apos;32&apos;&gt;301&lt;/int&gt;
&lt;int type=&apos;signed&apos; size=&apos;32&apos;&gt;0&lt;/int&gt;
&lt;int type=&apos;signed&apos; size=&apos;32&apos;&gt;0&lt;/int&gt;
&lt;/array&gt;
&lt;/prop.pair&gt;
&lt;/prop.list&gt;
</string>
</prop.pair>
<prop.pair>
<key>LayersPanel_ArtOptionsDialog</key>
<string>&lt;prop.list&gt;
&lt;prop.pair&gt;
&lt;key&gt;DialogID&lt;/key&gt;
&lt;ustring&gt;LayersPanel_ArtOptionsDialog&lt;/ustring&gt;
&lt;/prop.pair&gt;
&lt;prop.pair&gt;
&lt;key&gt;Position&lt;/key&gt;
&lt;array&gt;
&lt;array.type&gt;&lt;int type=&apos;signed&apos; size=&apos;32&apos;/&gt;&lt;/array.type&gt;
&lt;int type=&apos;signed&apos; size=&apos;32&apos;&gt;963&lt;/int&gt;
&lt;int type=&apos;signed&apos; size=&apos;32&apos;&gt;525&lt;/int&gt;
&lt;int type=&apos;signed&apos; size=&apos;32&apos;&gt;0&lt;/int&gt;
&lt;int type=&apos;signed&apos; size=&apos;32&apos;&gt;0&lt;/int&gt;
&lt;/array&gt;
&lt;/prop.pair&gt;
&lt;/prop.list&gt;
</string>
</prop.pair>
<prop.pair>
<key>LayersPanel_LayerOptionsDialog</key>
<string>&lt;prop.list&gt;
&lt;prop.pair&gt;
&lt;key&gt;DialogID&lt;/key&gt;
&lt;ustring&gt;LayersPanel_LayerOptionsDialog&lt;/ustring&gt;
&lt;/prop.pair&gt;
&lt;prop.pair&gt;
&lt;key&gt;Position&lt;/key&gt;
&lt;array&gt;
&lt;array.type&gt;&lt;int type=&apos;signed&apos; size=&apos;32&apos;/&gt;&lt;/array.type&gt;
&lt;int type=&apos;signed&apos; size=&apos;32&apos;&gt;993&lt;/int&gt;
&lt;int type=&apos;signed&apos; size=&apos;32&apos;&gt;431&lt;/int&gt;
&lt;int type=&apos;signed&apos; size=&apos;32&apos;&gt;0&lt;/int&gt;
&lt;int type=&apos;signed&apos; size=&apos;32&apos;&gt;0&lt;/int&gt;
&lt;/array&gt;
&lt;/prop.pair&gt;
&lt;/prop.list&gt;
</string>
</prop.pair>
<prop.pair>
<key>LineSegmentTool_LineSegmentToolDialog</key>
<string>&lt;prop.list&gt;
&lt;prop.pair&gt;
&lt;key&gt;DialogID&lt;/key&gt;
&lt;ustring&gt;LineSegmentTool_LineSegmentToolDialog&lt;/ustring&gt;
&lt;/prop.pair&gt;
&lt;prop.pair&gt;
&lt;key&gt;Position&lt;/key&gt;
&lt;array&gt;
&lt;array.type&gt;&lt;int type=&apos;signed&apos; size=&apos;32&apos;/&gt;&lt;/array.type&gt;
&lt;int type=&apos;signed&apos; size=&apos;32&apos;&gt;1076&lt;/int&gt;
&lt;int type=&apos;signed&apos; size=&apos;32&apos;&gt;482&lt;/int&gt;
&lt;int type=&apos;signed&apos; size=&apos;32&apos;&gt;0&lt;/int&gt;
&lt;int type=&apos;signed&apos; size=&apos;32&apos;&gt;0&lt;/int&gt;
&lt;/array&gt;
&lt;/prop.pair&gt;
&lt;/prop.list&gt;
</string>
</prop.pair>
<prop.pair>
<key>LiveShapesPopupPanel</key>
<string>&lt;prop.list&gt;
&lt;prop.pair&gt;
&lt;key&gt;DialogID&lt;/key&gt;
&lt;ustring&gt;LiveShapesPopupPanel&lt;/ustring&gt;
&lt;/prop.pair&gt;
&lt;prop.pair&gt;
&lt;key&gt;Position&lt;/key&gt;
&lt;array&gt;
&lt;array.type&gt;&lt;int type=&apos;signed&apos; size=&apos;32&apos;/&gt;&lt;/array.type&gt;
&lt;int type=&apos;signed&apos; size=&apos;32&apos;&gt;1379&lt;/int&gt;
&lt;int type=&apos;signed&apos; size=&apos;32&apos;&gt;96&lt;/int&gt;
&lt;int type=&apos;signed&apos; size=&apos;32&apos;&gt;0&lt;/int&gt;
&lt;int type=&apos;signed&apos; size=&apos;32&apos;&gt;0&lt;/int&gt;
&lt;/array&gt;
&lt;/prop.pair&gt;
&lt;/prop.list&gt;
</string>
</prop.pair>
<prop.pair>
<key>MergeToolParamsDialog</key>
<string>&lt;prop.list&gt;
&lt;prop.pair&gt;
&lt;key&gt;DialogID&lt;/key&gt;
&lt;ustring&gt;MergeToolParamsDialog&lt;/ustring&gt;
&lt;/prop.pair&gt;
&lt;prop.pair&gt;
&lt;key&gt;Position&lt;/key&gt;
&lt;array&gt;
&lt;array.type&gt;&lt;int type=&apos;signed&apos; size=&apos;32&apos;/&gt;&lt;/array.type&gt;
&lt;int type=&apos;signed&apos; size=&apos;32&apos;&gt;969&lt;/int&gt;
&lt;int type=&apos;signed&apos; size=&apos;32&apos;&gt;128&lt;/int&gt;
&lt;int type=&apos;signed&apos; size=&apos;32&apos;&gt;0&lt;/int&gt;
&lt;int type=&apos;signed&apos; size=&apos;32&apos;&gt;0&lt;/int&gt;
&lt;/array&gt;
&lt;/prop.pair&gt;
&lt;/prop.list&gt;
</string>
</prop.pair>
<prop.pair>
<key>MeshDialog_CreateGradientMeshDialog</key>
<string>&lt;prop.list&gt;
&lt;prop.pair&gt;
&lt;key&gt;DialogID&lt;/key&gt;
&lt;ustring&gt;MeshDialog_CreateGradientMeshDialog&lt;/ustring&gt;
&lt;/prop.pair&gt;
&lt;prop.pair&gt;
&lt;key&gt;Position&lt;/key&gt;
&lt;array&gt;
&lt;array.type&gt;&lt;int type=&apos;signed&apos; size=&apos;32&apos;/&gt;&lt;/array.type&gt;
&lt;int type=&apos;signed&apos; size=&apos;32&apos;&gt;1006&lt;/int&gt;
&lt;int type=&apos;signed&apos; size=&apos;32&apos;&gt;466&lt;/int&gt;
&lt;int type=&apos;signed&apos; size=&apos;32&apos;&gt;0&lt;/int&gt;
&lt;int type=&apos;signed&apos; size=&apos;32&apos;&gt;0&lt;/int&gt;
&lt;/array&gt;
&lt;/prop.pair&gt;
&lt;/prop.list&gt;
</string>
</prop.pair>
<prop.pair>
<key>NamedStylePopupPanel</key>
<string>&lt;prop.list&gt;
&lt;prop.pair&gt;
&lt;key&gt;DialogID&lt;/key&gt;
&lt;ustring&gt;NamedStylePopupPanel&lt;/ustring&gt;
&lt;/prop.pair&gt;
&lt;prop.pair&gt;
&lt;key&gt;Position&lt;/key&gt;
&lt;array&gt;
&lt;array.type&gt;&lt;int type=&apos;signed&apos; size=&apos;32&apos;/&gt;&lt;/array.type&gt;
&lt;int type=&apos;signed&apos; size=&apos;32&apos;&gt;950&lt;/int&gt;
&lt;int type=&apos;signed&apos; size=&apos;32&apos;&gt;103&lt;/int&gt;
&lt;int type=&apos;signed&apos; size=&apos;32&apos;&gt;0&lt;/int&gt;
&lt;int type=&apos;signed&apos; size=&apos;32&apos;&gt;0&lt;/int&gt;
&lt;/array&gt;
&lt;/prop.pair&gt;
&lt;/prop.list&gt;
</string>
</prop.pair>
<prop.pair>
<key>NewSwatchDialog</key>
<string>&lt;prop.list&gt;
&lt;prop.pair&gt;
&lt;key&gt;DialogID&lt;/key&gt;
&lt;ustring&gt;NewSwatchDialog&lt;/ustring&gt;
&lt;/prop.pair&gt;
&lt;prop.pair&gt;
&lt;key&gt;Position&lt;/key&gt;
&lt;array&gt;
&lt;array.type&gt;&lt;int type=&apos;signed&apos; size=&apos;32&apos;/&gt;&lt;/array.type&gt;
&lt;int type=&apos;signed&apos; size=&apos;32&apos;&gt;997&lt;/int&gt;
&lt;int type=&apos;signed&apos; size=&apos;32&apos;&gt;324&lt;/int&gt;
&lt;int type=&apos;signed&apos; size=&apos;32&apos;&gt;0&lt;/int&gt;
&lt;int type=&apos;signed&apos; size=&apos;32&apos;&gt;0&lt;/int&gt;
&lt;/array&gt;
&lt;/prop.pair&gt;
&lt;/prop.list&gt;
</string>
</prop.pair>
<prop.pair>
<key>OffsetPath_OffsetPathOptionsDialog</key>
<string>&lt;prop.list&gt;
&lt;prop.pair&gt;
&lt;key&gt;DialogID&lt;/key&gt;
&lt;ustring&gt;OffsetPath_OffsetPathOptionsDialog&lt;/ustring&gt;
&lt;/prop.pair&gt;
&lt;prop.pair&gt;
&lt;key&gt;Position&lt;/key&gt;
&lt;array&gt;
&lt;array.type&gt;&lt;int type=&apos;signed&apos; size=&apos;32&apos;/&gt;&lt;/array.type&gt;
&lt;int type=&apos;signed&apos; size=&apos;32&apos;&gt;1006&lt;/int&gt;
&lt;int type=&apos;signed&apos; size=&apos;32&apos;&gt;493&lt;/int&gt;
&lt;int type=&apos;signed&apos; size=&apos;32&apos;&gt;0&lt;/int&gt;
&lt;int type=&apos;signed&apos; size=&apos;32&apos;&gt;0&lt;/int&gt;
&lt;/array&gt;
&lt;/prop.pair&gt;
&lt;/prop.list&gt;
</string>
</prop.pair>
<prop.pair>
<key>PreferenceUI_PreferenceUIOptionsDialog</key>
<string>&lt;prop.list&gt;
&lt;prop.pair&gt;
&lt;key&gt;DialogID&lt;/key&gt;
&lt;ustring&gt;PreferenceUI_PreferenceUIOptionsDialog&lt;/ustring&gt;
&lt;/prop.pair&gt;
&lt;prop.pair&gt;
&lt;key&gt;Position&lt;/key&gt;
&lt;array&gt;
&lt;array.type&gt;&lt;int type=&apos;signed&apos; size=&apos;32&apos;/&gt;&lt;/array.type&gt;
&lt;int type=&apos;signed&apos; size=&apos;32&apos;&gt;594&lt;/int&gt;
&lt;int type=&apos;signed&apos; size=&apos;32&apos;&gt;64&lt;/int&gt;
&lt;int type=&apos;signed&apos; size=&apos;32&apos;&gt;0&lt;/int&gt;
&lt;int type=&apos;signed&apos; size=&apos;32&apos;&gt;0&lt;/int&gt;
&lt;/array&gt;
&lt;/prop.pair&gt;
&lt;/prop.list&gt;
</string>
</prop.pair>
<prop.pair>
<key>Rasterize_ObjectEffectsSettingsDialog</key>
<string>&lt;prop.list&gt;
&lt;prop.pair&gt;
&lt;key&gt;DialogID&lt;/key&gt;
&lt;ustring&gt;Rasterize_ObjectEffectsSettingsDialog&lt;/ustring&gt;
&lt;/prop.pair&gt;
&lt;prop.pair&gt;
&lt;key&gt;Position&lt;/key&gt;
&lt;array&gt;
&lt;array.type&gt;&lt;int type=&apos;signed&apos; size=&apos;32&apos;/&gt;&lt;/array.type&gt;
&lt;int type=&apos;signed&apos; size=&apos;32&apos;&gt;871&lt;/int&gt;
&lt;int type=&apos;signed&apos; size=&apos;32&apos;&gt;300&lt;/int&gt;
&lt;int type=&apos;signed&apos; size=&apos;32&apos;&gt;0&lt;/int&gt;
&lt;int type=&apos;signed&apos; size=&apos;32&apos;&gt;0&lt;/int&gt;
&lt;/array&gt;
&lt;/prop.pair&gt;
&lt;/prop.list&gt;
</string>
</prop.pair>
<prop.pair>
<key>ShapeEffectUI_ShapeEffectUIOptionsDialog</key>
<string>&lt;prop.list&gt;
&lt;prop.pair&gt;
&lt;key&gt;DialogID&lt;/key&gt;
&lt;ustring&gt;ShapeEffectUI_ShapeEffectUIOptionsDialog&lt;/ustring&gt;
&lt;/prop.pair&gt;
&lt;prop.pair&gt;
&lt;key&gt;Position&lt;/key&gt;
&lt;array&gt;
&lt;array.type&gt;&lt;int type=&apos;signed&apos; size=&apos;32&apos;/&gt;&lt;/array.type&gt;
&lt;int type=&apos;signed&apos; size=&apos;32&apos;&gt;1006&lt;/int&gt;
&lt;int type=&apos;signed&apos; size=&apos;32&apos;&gt;369&lt;/int&gt;
&lt;int type=&apos;signed&apos; size=&apos;32&apos;&gt;0&lt;/int&gt;
&lt;int type=&apos;signed&apos; size=&apos;32&apos;&gt;0&lt;/int&gt;
&lt;/array&gt;
&lt;/prop.pair&gt;
&lt;/prop.list&gt;
</string>
</prop.pair>
<prop.pair>
<key>ShapeTool_EllipseOptionsDialog</key>
<string>&lt;prop.list&gt;
&lt;prop.pair&gt;
&lt;key&gt;DialogID&lt;/key&gt;
&lt;ustring&gt;ShapeTool_EllipseOptionsDialog&lt;/ustring&gt;
&lt;/prop.pair&gt;
&lt;prop.pair&gt;
&lt;key&gt;Position&lt;/key&gt;
&lt;array&gt;
&lt;array.type&gt;&lt;int type=&apos;signed&apos; size=&apos;32&apos;/&gt;&lt;/array.type&gt;
&lt;int type=&apos;signed&apos; size=&apos;32&apos;&gt;1076&lt;/int&gt;
&lt;int type=&apos;signed&apos; size=&apos;32&apos;&gt;520&lt;/int&gt;
&lt;int type=&apos;signed&apos; size=&apos;32&apos;&gt;0&lt;/int&gt;
&lt;int type=&apos;signed&apos; size=&apos;32&apos;&gt;0&lt;/int&gt;
&lt;/array&gt;
&lt;/prop.pair&gt;
&lt;/prop.list&gt;
</string>
</prop.pair>
<prop.pair>
<key>ShapeTool_RectangleOptionsDialog</key>
<string>&lt;prop.list&gt;
&lt;prop.pair&gt;
&lt;key&gt;DialogID&lt;/key&gt;
&lt;ustring&gt;ShapeTool_RectangleOptionsDialog&lt;/ustring&gt;
&lt;/prop.pair&gt;
&lt;prop.pair&gt;
&lt;key&gt;Position&lt;/key&gt;
&lt;array&gt;
&lt;array.type&gt;&lt;int type=&apos;signed&apos; size=&apos;32&apos;/&gt;&lt;/array.type&gt;
&lt;int type=&apos;signed&apos; size=&apos;32&apos;&gt;1076&lt;/int&gt;
&lt;int type=&apos;signed&apos; size=&apos;32&apos;&gt;520&lt;/int&gt;
&lt;int type=&apos;signed&apos; size=&apos;32&apos;&gt;0&lt;/int&gt;
&lt;int type=&apos;signed&apos; size=&apos;32&apos;&gt;0&lt;/int&gt;
&lt;/array&gt;
&lt;/prop.pair&gt;
&lt;/prop.list&gt;
</string>
</prop.pair>
<prop.pair>
<key>SimplifyUI_SimplifyUIOptionsDialog</key>
<string>&lt;prop.list&gt;
&lt;prop.pair&gt;
&lt;key&gt;DialogID&lt;/key&gt;
&lt;ustring&gt;SimplifyUI_SimplifyUIOptionsDialog&lt;/ustring&gt;
&lt;/prop.pair&gt;
&lt;prop.pair&gt;
&lt;key&gt;Position&lt;/key&gt;
&lt;array&gt;
&lt;array.type&gt;&lt;int type=&apos;signed&apos; size=&apos;32&apos;/&gt;&lt;/array.type&gt;
&lt;int type=&apos;signed&apos; size=&apos;32&apos;&gt;914&lt;/int&gt;
&lt;int type=&apos;signed&apos; size=&apos;32&apos;&gt;275&lt;/int&gt;
&lt;int type=&apos;signed&apos; size=&apos;32&apos;&gt;0&lt;/int&gt;
&lt;int type=&apos;signed&apos; size=&apos;32&apos;&gt;0&lt;/int&gt;
&lt;/array&gt;
&lt;/prop.pair&gt;
&lt;/prop.list&gt;
</string>
</prop.pair>
<prop.pair>
<key>SketchingTools_PencilToolOptionsDialog</key>
<string>&lt;prop.list&gt;
&lt;prop.pair&gt;
&lt;key&gt;DialogID&lt;/key&gt;
&lt;ustring&gt;SketchingTools_PencilToolOptionsDialog&lt;/ustring&gt;
&lt;/prop.pair&gt;
&lt;prop.pair&gt;
&lt;key&gt;Position&lt;/key&gt;
&lt;array&gt;
&lt;array.type&gt;&lt;int type=&apos;signed&apos; size=&apos;32&apos;/&gt;&lt;/array.type&gt;
&lt;int type=&apos;signed&apos; size=&apos;32&apos;&gt;964&lt;/int&gt;
&lt;int type=&apos;signed&apos; size=&apos;32&apos;&gt;322&lt;/int&gt;
&lt;int type=&apos;signed&apos; size=&apos;32&apos;&gt;0&lt;/int&gt;
&lt;int type=&apos;signed&apos; size=&apos;32&apos;&gt;0&lt;/int&gt;
&lt;/array&gt;
&lt;/prop.pair&gt;
&lt;/prop.list&gt;
</string>
</prop.pair>
<prop.pair>
<key>SmartEditPopup</key>
<string>&lt;prop.list&gt;
&lt;prop.pair&gt;
&lt;key&gt;DialogID&lt;/key&gt;
&lt;ustring&gt;SmartEditPopup&lt;/ustring&gt;
&lt;/prop.pair&gt;
&lt;prop.pair&gt;
&lt;key&gt;Position&lt;/key&gt;
&lt;array&gt;
&lt;array.type&gt;&lt;int type=&apos;signed&apos; size=&apos;32&apos;/&gt;&lt;/array.type&gt;
&lt;int type=&apos;signed&apos; size=&apos;32&apos;&gt;1645&lt;/int&gt;
&lt;int type=&apos;signed&apos; size=&apos;32&apos;&gt;106&lt;/int&gt;
&lt;int type=&apos;signed&apos; size=&apos;32&apos;&gt;0&lt;/int&gt;
&lt;int type=&apos;signed&apos; size=&apos;32&apos;&gt;0&lt;/int&gt;
&lt;/array&gt;
&lt;/prop.pair&gt;
&lt;/prop.list&gt;
</string>
</prop.pair>
<prop.pair>
<key>StrokePopupPanel777</key>
<string>&lt;prop.list&gt;
&lt;prop.pair&gt;
&lt;key&gt;DialogID&lt;/key&gt;
&lt;ustring&gt;StrokePopupPanel777&lt;/ustring&gt;
&lt;/prop.pair&gt;
&lt;prop.pair&gt;
&lt;key&gt;Position&lt;/key&gt;
&lt;array&gt;
&lt;array.type&gt;&lt;int type=&apos;signed&apos; size=&apos;32&apos;/&gt;&lt;/array.type&gt;
&lt;int type=&apos;signed&apos; size=&apos;32&apos;&gt;1852&lt;/int&gt;
&lt;int type=&apos;signed&apos; size=&apos;32&apos;&gt;607&lt;/int&gt;
&lt;int type=&apos;signed&apos; size=&apos;32&apos;&gt;0&lt;/int&gt;
&lt;int type=&apos;signed&apos; size=&apos;32&apos;&gt;0&lt;/int&gt;
&lt;/array&gt;
&lt;/prop.pair&gt;
&lt;/prop.list&gt;
</string>
</prop.pair>
<prop.pair>
<key>StrokeSymbolPopupPanel</key>
<string>&lt;prop.list&gt;
&lt;prop.pair&gt;
&lt;key&gt;DialogID&lt;/key&gt;
&lt;ustring&gt;StrokeSymbolPopupPanel&lt;/ustring&gt;
&lt;/prop.pair&gt;
&lt;prop.pair&gt;
&lt;key&gt;Position&lt;/key&gt;
&lt;array&gt;
&lt;array.type&gt;&lt;int type=&apos;signed&apos; size=&apos;32&apos;/&gt;&lt;/array.type&gt;
&lt;int type=&apos;signed&apos; size=&apos;32&apos;&gt;1075&lt;/int&gt;
&lt;int type=&apos;signed&apos; size=&apos;32&apos;&gt;574&lt;/int&gt;
&lt;int type=&apos;signed&apos; size=&apos;32&apos;&gt;0&lt;/int&gt;
&lt;int type=&apos;signed&apos; size=&apos;32&apos;&gt;0&lt;/int&gt;
&lt;/array&gt;
&lt;/prop.pair&gt;
&lt;/prop.list&gt;
</string>
</prop.pair>
<prop.pair>
<key>SwatchLibs_NewColorGroupOptionsDialog</key>
<string>&lt;prop.list&gt;
&lt;prop.pair&gt;
&lt;key&gt;DialogID&lt;/key&gt;
&lt;ustring&gt;SwatchLibs_NewColorGroupOptionsDialog&lt;/ustring&gt;
&lt;/prop.pair&gt;
&lt;prop.pair&gt;
&lt;key&gt;Position&lt;/key&gt;
&lt;array&gt;
&lt;array.type&gt;&lt;int type=&apos;signed&apos; size=&apos;32&apos;/&gt;&lt;/array.type&gt;
&lt;int type=&apos;signed&apos; size=&apos;32&apos;&gt;1014&lt;/int&gt;
&lt;int type=&apos;signed&apos; size=&apos;32&apos;&gt;459&lt;/int&gt;
&lt;int type=&apos;signed&apos; size=&apos;32&apos;&gt;0&lt;/int&gt;
&lt;int type=&apos;signed&apos; size=&apos;32&apos;&gt;0&lt;/int&gt;
&lt;/array&gt;
&lt;/prop.pair&gt;
&lt;/prop.list&gt;
</string>
</prop.pair>
<prop.pair>
<key>SwatchOptionsDialog</key>
<string>&lt;prop.list&gt;
&lt;prop.pair&gt;
&lt;key&gt;DialogID&lt;/key&gt;
&lt;ustring&gt;SwatchOptionsDialog&lt;/ustring&gt;
&lt;/prop.pair&gt;
&lt;prop.pair&gt;
&lt;key&gt;Position&lt;/key&gt;
&lt;array&gt;
&lt;array.type&gt;&lt;int type=&apos;signed&apos; size=&apos;32&apos;/&gt;&lt;/array.type&gt;
&lt;int type=&apos;signed&apos; size=&apos;32&apos;&gt;997&lt;/int&gt;
&lt;int type=&apos;signed&apos; size=&apos;32&apos;&gt;324&lt;/int&gt;
&lt;int type=&apos;signed&apos; size=&apos;32&apos;&gt;0&lt;/int&gt;
&lt;int type=&apos;signed&apos; size=&apos;32&apos;&gt;0&lt;/int&gt;
&lt;/array&gt;
&lt;/prop.pair&gt;
&lt;/prop.list&gt;
</string>
</prop.pair>
<prop.pair>
<key>SwatchesPopupPanel</key>
<string>&lt;prop.list&gt;
&lt;prop.pair&gt;
&lt;key&gt;DialogID&lt;/key&gt;
&lt;ustring&gt;SwatchesPopupPanel&lt;/ustring&gt;
&lt;/prop.pair&gt;
&lt;prop.pair&gt;
&lt;key&gt;Position&lt;/key&gt;
&lt;array&gt;
&lt;array.type&gt;&lt;int type=&apos;signed&apos; size=&apos;32&apos;/&gt;&lt;/array.type&gt;
&lt;int type=&apos;signed&apos; size=&apos;32&apos;&gt;1412&lt;/int&gt;
&lt;int type=&apos;signed&apos; size=&apos;32&apos;&gt;364&lt;/int&gt;
&lt;int type=&apos;signed&apos; size=&apos;32&apos;&gt;0&lt;/int&gt;
&lt;int type=&apos;signed&apos; size=&apos;32&apos;&gt;0&lt;/int&gt;
&lt;/array&gt;
&lt;/prop.pair&gt;
&lt;/prop.list&gt;
</string>
</prop.pair>
<prop.pair>
<key>TransformPopupPanel</key>
<string>&lt;prop.list&gt;
&lt;prop.pair&gt;
&lt;key&gt;DialogID&lt;/key&gt;
&lt;ustring&gt;TransformPopupPanel&lt;/ustring&gt;
&lt;/prop.pair&gt;
&lt;prop.pair&gt;
&lt;key&gt;Position&lt;/key&gt;
&lt;array&gt;
&lt;array.type&gt;&lt;int type=&apos;signed&apos; size=&apos;32&apos;/&gt;&lt;/array.type&gt;
&lt;int type=&apos;signed&apos; size=&apos;32&apos;&gt;1444&lt;/int&gt;
&lt;int type=&apos;signed&apos; size=&apos;32&apos;&gt;96&lt;/int&gt;
&lt;int type=&apos;signed&apos; size=&apos;32&apos;&gt;0&lt;/int&gt;
&lt;int type=&apos;signed&apos; size=&apos;32&apos;&gt;0&lt;/int&gt;
&lt;/array&gt;
&lt;/prop.pair&gt;
&lt;/prop.list&gt;
</string>
</prop.pair>
<prop.pair>
<key>TransparencyPopupPanel</key>
<string>&lt;prop.list&gt;
&lt;prop.pair&gt;
&lt;key&gt;DialogID&lt;/key&gt;
&lt;ustring&gt;TransparencyPopupPanel&lt;/ustring&gt;
&lt;/prop.pair&gt;
&lt;prop.pair&gt;
&lt;key&gt;Position&lt;/key&gt;
&lt;array&gt;
&lt;array.type&gt;&lt;int type=&apos;signed&apos; size=&apos;32&apos;/&gt;&lt;/array.type&gt;
&lt;int type=&apos;signed&apos; size=&apos;32&apos;&gt;1379&lt;/int&gt;
&lt;int type=&apos;signed&apos; size=&apos;32&apos;&gt;413&lt;/int&gt;
&lt;int type=&apos;signed&apos; size=&apos;32&apos;&gt;0&lt;/int&gt;
&lt;int type=&apos;signed&apos; size=&apos;32&apos;&gt;0&lt;/int&gt;
&lt;/array&gt;
&lt;/prop.pair&gt;
&lt;/prop.list&gt;
</string>
</prop.pair>
<prop.pair>
<key>UserInterface_GetInputNameDialog</key>
<string>&lt;prop.list&gt;
&lt;prop.pair&gt;
&lt;key&gt;DialogID&lt;/key&gt;
&lt;ustring&gt;UserInterface_GetInputNameDialog&lt;/ustring&gt;
&lt;/prop.pair&gt;
&lt;prop.pair&gt;
&lt;key&gt;Position&lt;/key&gt;
&lt;array&gt;
&lt;array.type&gt;&lt;int type=&apos;signed&apos; size=&apos;32&apos;/&gt;&lt;/array.type&gt;
&lt;int type=&apos;signed&apos; size=&apos;32&apos;&gt;985&lt;/int&gt;
&lt;int type=&apos;signed&apos; size=&apos;32&apos;&gt;533&lt;/int&gt;
&lt;int type=&apos;signed&apos; size=&apos;32&apos;&gt;0&lt;/int&gt;
&lt;int type=&apos;signed&apos; size=&apos;32&apos;&gt;0&lt;/int&gt;
&lt;/array&gt;
&lt;/prop.pair&gt;
&lt;/prop.list&gt;
</string>
</prop.pair>
<prop.pair>
<key>VariableWidthPopupPanel</key>
<string>&lt;prop.list&gt;
&lt;prop.pair&gt;
&lt;key&gt;DialogID&lt;/key&gt;
&lt;ustring&gt;VariableWidthPopupPanel&lt;/ustring&gt;
&lt;/prop.pair&gt;
&lt;prop.pair&gt;
&lt;key&gt;Position&lt;/key&gt;
&lt;array&gt;
&lt;array.type&gt;&lt;int type=&apos;signed&apos; size=&apos;32&apos;/&gt;&lt;/array.type&gt;
&lt;int type=&apos;signed&apos; size=&apos;32&apos;&gt;479&lt;/int&gt;
&lt;int type=&apos;signed&apos; size=&apos;32&apos;&gt;103&lt;/int&gt;
&lt;int type=&apos;signed&apos; size=&apos;32&apos;&gt;0&lt;/int&gt;
&lt;int type=&apos;signed&apos; size=&apos;32&apos;&gt;0&lt;/int&gt;
&lt;/array&gt;
&lt;/prop.pair&gt;
&lt;/prop.list&gt;
</string>
</prop.pair>
<prop.pair>
<key>com.adobe.ccx.start_ccx-document-picker</key>
<string>&lt;prop.list&gt;
&lt;prop.pair&gt;
&lt;key&gt;DialogID&lt;/key&gt;
&lt;ustring&gt;com.adobe.ccx.start_ccx-document-picker&lt;/ustring&gt;
&lt;/prop.pair&gt;
&lt;prop.pair&gt;
&lt;key&gt;Position&lt;/key&gt;
&lt;array&gt;
&lt;array.type&gt;&lt;int type=&apos;signed&apos; size=&apos;32&apos;/&gt;&lt;/array.type&gt;
&lt;int type=&apos;signed&apos; size=&apos;32&apos;&gt;536&lt;/int&gt;
&lt;int type=&apos;signed&apos; size=&apos;32&apos;&gt;149&lt;/int&gt;
&lt;int type=&apos;signed&apos; size=&apos;32&apos;&gt;836&lt;/int&gt;
&lt;int type=&apos;signed&apos; size=&apos;32&apos;&gt;576&lt;/int&gt;
&lt;/array&gt;
&lt;/prop.pair&gt;
&lt;/prop.list&gt;
</string>
</prop.pair>
<prop.pair>
<key>com.adobe.ccx.start_cmdn-dialog</key>
<string>&lt;prop.list&gt;
&lt;prop.pair&gt;
&lt;key&gt;DialogID&lt;/key&gt;
&lt;ustring&gt;com.adobe.ccx.start_cmdn-dialog&lt;/ustring&gt;
&lt;/prop.pair&gt;
&lt;prop.pair&gt;
&lt;key&gt;Position&lt;/key&gt;
&lt;array&gt;
&lt;array.type&gt;&lt;int type=&apos;signed&apos; size=&apos;32&apos;/&gt;&lt;/array.type&gt;
&lt;int type=&apos;signed&apos; size=&apos;32&apos;&gt;323&lt;/int&gt;
&lt;int type=&apos;signed&apos; size=&apos;32&apos;&gt;49&lt;/int&gt;
&lt;int type=&apos;signed&apos; size=&apos;32&apos;&gt;1080&lt;/int&gt;
&lt;int type=&apos;signed&apos; size=&apos;32&apos;&gt;690&lt;/int&gt;
&lt;/array&gt;
&lt;/prop.pair&gt;
&lt;/prop.list&gt;
</string>
</prop.pair>
</prop.list>
</prop.pair>
<prop.pair>
<key>MonitorInfo</key>
<prop.list>
<prop.pair>
<key>Monitor-0</key>
<array>
<array.type><int type='signed' size='32'/></array.type>
<int type='signed' size='32'>0</int>
<int type='signed' size='32'>0</int>
<int type='signed' size='32'>2560</int>
<int type='signed' size='32'>1370</int>
</array>
</prop.pair>
<prop.pair>
<key>NumMonitors</key>
<int type='unsigned' size='32'>1</int>
</prop.pair>
</prop.list>
</prop.pair>
</prop.list>
</prop.map>
