<?xml version='1.0'?>
<prop.map version='4'>
<prop.list>
<prop.pair>
<key>MetadataDialog</key>
<prop.list>
<prop.pair>
<key>activeView</key>
<string>com.adobe.xmp.view.basic</string>
</prop.pair>
<prop.pair>
<key>viewList</key>
<array>
<array.type><string/></array.type>
<string>com.adobe.xmp.view.basic</string>
<string>com.adobe.xmp.view.camera</string>
<string>com.adobe.xmp.view.origin</string>
<string>com.adobe.xmp.view.iptccore</string>
<string>com.adobe.xmp.view.iptcextension</string>
<string>com.adobe.xmp.view.gps</string>
<string>com.adobe.xmp.view.audio</string>
<string>com.adobe.xmp.view.video</string>
<string>com.adobe.xmp.view.photoshop</string>
<string>com.adobe.xmp.view.dicom</string>
<string>com.adobe.xmp.view.aem</string>
<string>com.adobe.xmp.view.rawdata</string>
</array>
</prop.pair>
</prop.list>
</prop.pair>
<prop.pair>
<key>Workspace</key>
<prop.list>
<prop.pair>
<key>Switcher</key>
<string></string>
</prop.pair>
</prop.list>
</prop.pair>
</prop.list>
</prop.map>
