<?xml version='1.0'?>
<prop.map version='4'>
<prop.list>
<prop.pair>
<key>DialogInfo</key>
<prop.list>
<prop.pair>
<key>MetadataDialog</key>
<string>&lt;prop.list&gt;
&lt;prop.pair&gt;
&lt;key&gt;DialogID&lt;/key&gt;
&lt;ustring&gt;MetadataDialog&lt;/ustring&gt;
&lt;/prop.pair&gt;
&lt;prop.pair&gt;
&lt;key&gt;Position&lt;/key&gt;
&lt;array&gt;
&lt;array.type&gt;&lt;int type=&apos;signed&apos; size=&apos;32&apos;/&gt;&lt;/array.type&gt;
&lt;int type=&apos;signed&apos; size=&apos;32&apos;&gt;228&lt;/int&gt;
&lt;int type=&apos;signed&apos; size=&apos;32&apos;&gt;0&lt;/int&gt;
&lt;int type=&apos;signed&apos; size=&apos;32&apos;&gt;1314&lt;/int&gt;
&lt;int type=&apos;signed&apos; size=&apos;32&apos;&gt;964&lt;/int&gt;
&lt;/array&gt;
&lt;/prop.pair&gt;
&lt;/prop.list&gt;
</string>
</prop.pair>
</prop.list>
</prop.pair>
<prop.pair>
<key>MonitorInfo</key>
<prop.list>
<prop.pair>
<key>Monitor-0</key>
<array>
<array.type><int type='signed' size='32'/></array.type>
<int type='signed' size='32'>0</int>
<int type='signed' size='32'>0</int>
<int type='signed' size='32'>2560</int>
<int type='signed' size='32'>1370</int>
</array>
</prop.pair>
<prop.pair>
<key>NumMonitors</key>
<int type='unsigned' size='32'>1</int>
</prop.pair>
</prop.list>
</prop.pair>
</prop.list>
</prop.map>
