<?xml version="1.0" encoding="UTF-8" standalone="yes"?>
<user-workspace application-version="15.0" build-number="209">
<PaletteWorkspace FeatureSet="256" version="2.0">
<OWLWorkspaceBookmark bookmarkdata="workspacedata-is-in-CDATA-section">
<![CDATA[<workspace version="1">
	<dock anchor="top" content="control-bar" is-closed="false">
		<control-bar id="1" origin="-10 -1.33333" size="82 57" is-closed="true" app-data="#lt;OWLPaletteLeaf name=#quot;Control Strip#quot; id=#quot;70913#quot; detailLevel=#quot;0#quot; closed=#quot;true#quot;>
#lt;ControlStripOptions kTransformXYWHControlStripName=#quot;true#quot; kTransformScaleRotateControlStripName=#quot;true#quot; kFlipRotateControlStripName=#quot;true#quot; kSelectContainerContentControlStripName=#quot;true#quot; kFillStrokeColorControlStripName=#quot;true#quot; kStrokeControlStripName=#quot;true#quot; kXPUIControlStripName=#quot;true#quot; kTextWrapControlStripName=#quot;true#quot; kCornerShapeControlStripName=#quot;true#quot; kFrameFittingObjectControlStripName=#quot;true#quot; kTextFrameOptionsControlStripName=#quot;true#quot; kBalanceColumnsControlStripName=#quot;true#quot; kVerticalJustificationControlStripName=#quot;true#quot; kFrameFittingTextControlStripName=#quot;true#quot; kAlignControlStripName=#quot;true#quot; kDistributeControlStripName=#quot;true#quot; kObjectStyleControlStripName=#quot;true#quot; kCharacterFontsControlStripName=#quot;true#quot; kCharacterAttributesControlStripName=#quot;true#quot; kCharacterKerningControlStripName=#quot;true#quot; kCharacterScalingControlStripName=#quot;true#quot; kTextFillStrokeColorControlStripName=#quot;true#quot; kCharacterStyleControlStripName=#quot;true#quot; kParagraphAlignmentControlStripName=#quot;true#quot; kParagraphIndentsControlStripName=#quot;true#quot; kParagraphSpacingControlStripName=#quot;true#quot; kParagraphDropCapControlStripName=#quot;true#quot; kBulletsNumberingControlStripName=#quot;true#quot; kParagraphShadingControlStripName=#quot;true#quot; kParagraphStyleControlStripName=#quot;true#quot; kBaselineGridControlStripName=#quot;true#quot; kCursorPositionControlStripName=#quot;true#quot; kTableCellAlignmentControlStripName=#quot;true#quot; kTableVerticalAlignmentControlStripName=#quot;true#quot; kGraphicCellFrameFittingControlStripName=#quot;true#quot; kGraphicCellXPUIControlStripName=#quot;true#quot; kTableRowsColumnsControlStripName=#quot;true#quot; kTableMergeUnmergeControlStripName=#quot;true#quot; kTableFillStrokeColorControlStripName=#quot;true#quot; kTableStrokeControlStripName=#quot;true#quot; kTableStyleControlStripName=#quot;true#quot; kTableCellOptionsControlStripName=#quot;true#quot; kTableInsetsControlStripName=#quot;true#quot; kTransformPageSizePresetControlStripName=#quot;true#quot; kLayoutOptionsControlStripName=#quot;true#quot; kSpreadAlignControlStripName=#quot;true#quot; kSpreadDistributeControlStripName=#quot;true#quot; kQuickApplyControlStripName=#quot;true#quot;>
#lt;/ControlStripOptions>
#lt;/OWLPaletteLeaf>
"/>
	</dock>
	<dock anchor="bottom" content="control-bar" is-closed="false"/>
	<dock anchor="left" content="palette toolbar" is-closed="false">
		<tab-pane mode="expanded" preferred-iconic-length="129" layout-mode="auto-flow">
			<tab-group active-palette="2" is-closed="false">
				<palette id="2" is-closed="false" preferred-unconstrained-size="272 399" preferred-constrained-size="272 399" current-state="1" is-minimized="false" app-data="#lt;OWLPaletteLeaf name=#quot;Notes#quot; id=#quot;47911#quot; minimized=#quot;false#quot; detailLevel=#quot;1#quot; closed=#quot;false#quot;>
#lt;/OWLPaletteLeaf>
" host-cached-sizes="false"/>
				<palette id="3" is-closed="false" preferred-unconstrained-size="240 288" preferred-constrained-size="240 288" current-state="1" is-minimized="false" app-data="#lt;OWLPaletteLeaf name=#quot;Assignments#quot; id=#quot;104961#quot; minimized=#quot;false#quot; detailLevel=#quot;1#quot; closed=#quot;false#quot;>
#lt;ControlSet id=#quot;104964#quot; visible=#quot;true#quot;>
#lt;/ControlSet>
#lt;/OWLPaletteLeaf>
" host-cached-sizes="false"/>
				<palette id="4" is-closed="false" preferred-unconstrained-size="240 105" preferred-constrained-size="240 105" current-state="1" is-minimized="false" app-data="#lt;OWLPaletteLeaf name=#quot;Track Changes#quot; id=#quot;42300#quot; minimized=#quot;false#quot; detailLevel=#quot;1#quot; closed=#quot;false#quot;>
#lt;ControlSet id=#quot;42320#quot; visible=#quot;true#quot;>
#lt;/ControlSet>
#lt;ControlSet id=#quot;1200#quot; visible=#quot;true#quot;>
#lt;/ControlSet>
#lt;ControlSet id=#quot;1201#quot; visible=#quot;true#quot;>
#lt;/ControlSet>
#lt;/OWLPaletteLeaf>
" host-cached-sizes="false"/>
			</tab-group>
			<tab-group active-palette="5" is-closed="false">
				<palette id="5" is-closed="false" preferred-unconstrained-size="272 420" preferred-constrained-size="272 420" current-state="1" is-minimized="false" app-data="#lt;OWLPaletteLeaf name=#quot;Bookmark_PanelName#quot; id=#quot;95493#quot; minimized=#quot;false#quot; detailLevel=#quot;1#quot; closed=#quot;false#quot;>
#lt;/OWLPaletteLeaf>
" host-cached-sizes="false"/>
				<palette id="6" is-closed="false" preferred-unconstrained-size="272 354" preferred-constrained-size="272 354" current-state="1" is-minimized="false" app-data="#lt;OWLPaletteLeaf name=#quot;$$$/Panel/States#quot; id=#quot;83569#quot; minimized=#quot;false#quot; detailLevel=#quot;0#quot; listBoxDetailLevel=#quot;1#quot; closed=#quot;false#quot;>
#lt;/OWLPaletteLeaf>
" host-cached-sizes="false"/>
			</tab-group>
		</tab-pane>
		<toolbar id="7" size-variant="vertical-narrow" is-closed="false" app-data="#lt;OWLPaletteLeaf id=#quot;4353#quot; closed=#quot;false#quot;>
#lt;/OWLPaletteLeaf>
"/>
	</dock>
	<dock anchor="right" content="palette toolbar" is-closed="false">
		<tab-pane mode="expanded" preferred-iconic-length="39" layout-mode="auto-flow">
			<tab-group active-palette="11" is-closed="false">
				<palette id="8" is-closed="false" preferred-unconstrained-size="252 416" preferred-constrained-size="252 416" current-state="1" is-minimized="false" app-data="#lt;OWLPaletteLeaf name=#quot;PropertiesPanelName#quot; id=#quot;71040#quot; minimized=#quot;false#quot; closed=#quot;false#quot;>
#lt;PropertiesPanelOptions visible=#quot;true#quot; workspace=#quot;Essentials#quot;>
#lt;/PropertiesPanelOptions>
#lt;/OWLPaletteLeaf>
" host-cached-sizes="false"/>
				<palette id="9" is-closed="false" preferred-unconstrained-size="252 423" preferred-constrained-size="252 423" current-state="1" is-minimized="false" app-data="#lt;OWLPaletteLeaf name=#quot;Pages#quot; id=#quot;6199#quot; minimized=#quot;false#quot; detailLevel=#quot;1#quot; closed=#quot;false#quot;>
#lt;PagesPanelOptions iconSize=#quot;medium#quot; masterIconSize=#quot;small#quot; pagesOnTop=#quot;false#quot; viewSetting=#quot;2#quot; masterVerticalView=#quot;true#quot; fixedSize=#quot;false#quot; masterFixedSize=#quot;true#quot; pagesThumbnails=#quot;true#quot; mastersThumbnails=#quot;true#quot; showTransparencyIcon=#quot;false#quot; showTransitionsIcon=#quot;true#quot; showRotationIcon=#quot;true#quot; splitterPosition=#quot;141#quot;>
#lt;/PagesPanelOptions>
#lt;/OWLPaletteLeaf>
" host-cached-sizes="false"/>
				<palette id="10" is-closed="false" preferred-unconstrained-size="252 398" preferred-constrained-size="252 398" current-state="1" is-minimized="false" app-data="#lt;OWLPaletteLeaf name=#quot;#hash;LayerHierPanelName#quot; id=#quot;18464#quot; minimized=#quot;false#quot; detailLevel=#quot;1#quot; closed=#quot;false#quot;>
#lt;LayerPaneOptions SmallRows=#quot;false#quot;>
#lt;/LayerPaneOptions>
#lt;/OWLPaletteLeaf>
" host-cached-sizes="false"/>
				<palette id="11" is-closed="false" preferred-unconstrained-size="252 440" preferred-constrained-size="252 440" current-state="1" is-minimized="false" app-data="#lt;OWLPaletteLeaf name=#quot;#hash;LinksUIPanel#quot; id=#quot;132609#quot; minimized=#quot;false#quot; closed=#quot;false#quot;>
#lt;LinksUIPanelOptions rowHeight=#quot;22#quot; secondarySorter=#quot;35940#quot; sorter=#quot;35942#quot; splitterPos=#quot;130#quot; infoPaneHidden=#quot;true#quot; sortAscending=#quot;true#quot; showThumbnail=#quot;true#quot; collapseMultiple=#quot;true#quot; showInfoThumbnail=#quot;false#quot;>
#lt;LinkInfoColumn infoClass=#quot;35940#quot; columnWidth=#quot;145#quot;>#lt;/LinkInfoColumn>
#lt;LinkInfoColumn infoClass=#quot;35944#quot; columnWidth=#quot;28#quot;>#lt;/LinkInfoColumn>
#lt;LinkInfoColumn infoClass=#quot;35942#quot; columnWidth=#quot;28#quot;>#lt;/LinkInfoColumn>
#lt;MoreLinkInfo infoClass=#quot;35940#quot;>#lt;/MoreLinkInfo>
#lt;MoreLinkInfo infoClass=#quot;35941#quot;>#lt;/MoreLinkInfo>
#lt;MoreLinkInfo infoClass=#quot;35942#quot;>#lt;/MoreLinkInfo>
#lt;MoreLinkInfo infoClass=#quot;35943#quot;>#lt;/MoreLinkInfo>
#lt;MoreLinkInfo infoClass=#quot;35944#quot;>#lt;/MoreLinkInfo>
#lt;MoreLinkInfo infoClass=#quot;35945#quot;>#lt;/MoreLinkInfo>
#lt;MoreLinkInfo infoClass=#quot;35949#quot;>#lt;/MoreLinkInfo>
#lt;MoreLinkInfo infoClass=#quot;35950#quot;>#lt;/MoreLinkInfo>
#lt;MoreLinkInfo infoClass=#quot;35952#quot;>#lt;/MoreLinkInfo>
#lt;MoreLinkInfo infoClass=#quot;35953#quot;>#lt;/MoreLinkInfo>
#lt;MoreLinkInfo infoClass=#quot;35954#quot;>#lt;/MoreLinkInfo>
#lt;MoreLinkInfo infoClass=#quot;35955#quot;>#lt;/MoreLinkInfo>
#lt;MoreLinkInfo infoClass=#quot;35956#quot;>#lt;/MoreLinkInfo>
#lt;MoreLinkInfo infoClass=#quot;35957#quot;>#lt;/MoreLinkInfo>
#lt;MoreLinkInfo infoClass=#quot;35958#quot;>#lt;/MoreLinkInfo>
#lt;MoreLinkInfo infoClass=#quot;35959#quot;>#lt;/MoreLinkInfo>
#lt;MoreLinkInfo infoClass=#quot;35960#quot;>#lt;/MoreLinkInfo>
#lt;MoreLinkInfo infoClass=#quot;35961#quot;>#lt;/MoreLinkInfo>
#lt;MoreLinkInfo infoClass=#quot;35962#quot;>#lt;/MoreLinkInfo>
#lt;MoreLinkInfo infoClass=#quot;35963#quot;>#lt;/MoreLinkInfo>
#lt;MoreLinkInfo infoClass=#quot;35964#quot;>#lt;/MoreLinkInfo>
#lt;MoreLinkInfo infoClass=#quot;35965#quot;>#lt;/MoreLinkInfo>
#lt;MoreLinkInfo infoClass=#quot;35966#quot;>#lt;/MoreLinkInfo>
#lt;MoreLinkInfo infoClass=#quot;35967#quot;>#lt;/MoreLinkInfo>
#lt;MoreLinkInfo infoClass=#quot;35968#quot;>#lt;/MoreLinkInfo>
#lt;MoreLinkInfo infoClass=#quot;35985#quot;>#lt;/MoreLinkInfo>
#lt;MoreLinkInfo infoClass=#quot;35989#quot;>#lt;/MoreLinkInfo>
#lt;MoreLinkInfo infoClass=#quot;35990#quot;>#lt;/MoreLinkInfo>
#lt;MoreLinkInfo infoClass=#quot;35991#quot;>#lt;/MoreLinkInfo>
#lt;MoreLinkInfo infoClass=#quot;35992#quot;>#lt;/MoreLinkInfo>
#lt;MoreLinkInfo infoClass=#quot;35993#quot;>#lt;/MoreLinkInfo>
#lt;MoreLinkInfo infoClass=#quot;88599#quot;>#lt;/MoreLinkInfo>
#lt;MoreLinkInfo infoClass=#quot;88600#quot;>#lt;/MoreLinkInfo>
#lt;MoreLinkInfo infoClass=#quot;35887#quot;>#lt;/MoreLinkInfo>
#lt;/LinksUIPanelOptions>
#lt;/OWLPaletteLeaf>
" host-cached-sizes="false"/>
			</tab-group>
			<tab-group active-palette="12" is-closed="true">
				<palette id="12" is-closed="false" preferred-unconstrained-size="252 342" preferred-constrained-size="252 342" current-state="1" is-minimized="false" app-data="#lt;OWLPaletteLeaf name=#quot;PDF Comments#quot; id=#quot;134504#quot; CSXSExtensionID=#quot;com.adobe.indesign.CommentsReview.extension#quot; minimized=#quot;false#quot; detailLevel=#quot;0#quot; closed=#quot;false#quot;>
#lt;/OWLPaletteLeaf>
" host-cached-sizes="false"/>
			</tab-group>
			<tab-group active-palette="14" is-closed="false">
				<palette id="13" is-closed="false" preferred-unconstrained-size="252 378" preferred-constrained-size="252 378" current-state="1" is-minimized="false" app-data="#lt;OWLPaletteLeaf name=#quot;Paragraph Styles#quot; id=#quot;8466#quot; minimized=#quot;false#quot; detailLevel=#quot;1#quot; listBoxDetailLevel=#quot;0#quot; closed=#quot;false#quot;>
#lt;ControlSet id=#quot;8478#quot; visible=#quot;true#quot;>
#lt;/ControlSet>
#lt;/OWLPaletteLeaf>
" host-cached-sizes="false"/>
				<palette id="14" is-closed="false" preferred-unconstrained-size="252 378" preferred-constrained-size="252 378" current-state="1" is-minimized="false" app-data="#lt;OWLPaletteLeaf name=#quot;Character Styles#quot; id=#quot;8465#quot; minimized=#quot;false#quot; detailLevel=#quot;1#quot; listBoxDetailLevel=#quot;0#quot; closed=#quot;false#quot;>
#lt;ControlSet id=#quot;8474#quot; visible=#quot;true#quot;>
#lt;/ControlSet>
#lt;/OWLPaletteLeaf>
" host-cached-sizes="false"/>
				<palette id="15" is-closed="false" preferred-unconstrained-size="252 818" preferred-constrained-size="252 818" current-state="1" is-minimized="false" app-data="#lt;OWLPaletteLeaf name=#quot;ObjStylesTreeViewPanelName#quot; id=#quot;113153#quot; minimized=#quot;false#quot; detailLevel=#quot;1#quot; listBoxDetailLevel=#quot;0#quot; closed=#quot;false#quot;>
#lt;/OWLPaletteLeaf>
" host-cached-sizes="false"/>
			</tab-group>
		</tab-pane>
	</dock>
	<dock anchor="none" content="palette toolbar" origin="0 0" is-closed="true">
		<tab-pane mode="expanded" preferred-iconic-length="0" layout-mode="manual">
			<tab-group active-palette="16" is-closed="false">
				<palette id="16" is-closed="false" preferred-unconstrained-size="405 540" preferred-constrained-size="405 540" current-state="1" is-minimized="false" app-data="#lt;OWLPaletteLeaf name=#quot;Media#quot; id=#quot;134500#quot; CSXSExtensionID=#quot;com.adobe.indesign.MediaPanel.extension#quot; minimized=#quot;false#quot; detailLevel=#quot;1#quot; closed=#quot;false#quot;>
#lt;/OWLPaletteLeaf>
" host-cached-sizes="false"/>
			</tab-group>
		</tab-pane>
	</dock>
	<dock anchor="none" content="palette toolbar" origin="857.333 418" is-closed="true">
		<tab-pane mode="expanded" preferred-iconic-length="0" layout-mode="manual">
			<tab-group active-palette="17" is-closed="false">
				<palette id="17" is-closed="false" preferred-unconstrained-size="425 688" preferred-constrained-size="425 688" current-state="1" is-minimized="false" app-data="#lt;OWLPaletteLeaf name=#quot;com.adobe.butler.OnBoarding#quot; id=#quot;134512#quot; CSXSExtensionID=#quot;com.adobe.butler.OnBoarding#quot; minimized=#quot;false#quot; detailLevel=#quot;0#quot; closed=#quot;false#quot;>
#lt;/OWLPaletteLeaf>
" host-cached-sizes="false"/>
			</tab-group>
		</tab-pane>
	</dock>
	<dock anchor="none" content="palette toolbar" origin="630 187.333" is-closed="true">
		<tab-pane mode="expanded" preferred-iconic-length="0" layout-mode="manual">
			<tab-group active-palette="18" is-closed="false">
				<palette id="18" is-closed="false" preferred-unconstrained-size="337 480" preferred-constrained-size="337 480" current-state="1" is-minimized="false" app-data="#lt;OWLPaletteLeaf name=#quot;Learn#quot; id=#quot;134507#quot; CSXSExtensionID=#quot;com.adobe.butler.OnBoardingForLearnPanel.extension#quot; minimized=#quot;false#quot; detailLevel=#quot;1#quot; closed=#quot;false#quot;>
#lt;/OWLPaletteLeaf>
" host-cached-sizes="false"/>
			</tab-group>
		</tab-pane>
	</dock>
	<dock anchor="none" content="palette toolbar" origin="617.333 335.333" is-closed="true">
		<tab-pane mode="expanded" preferred-iconic-length="0" layout-mode="manual">
			<tab-group active-palette="19" is-closed="false">
				<palette id="19" is-closed="false" preferred-unconstrained-size="600 240" preferred-constrained-size="600 240" current-state="1" is-minimized="false" app-data="#lt;OWLPaletteLeaf name=#quot;com.adobe.experimentation.extension#quot; id=#quot;134508#quot; CSXSExtensionID=#quot;com.adobe.experimentation.extension#quot; minimized=#quot;false#quot; detailLevel=#quot;1#quot; closed=#quot;false#quot;>
#lt;/OWLPaletteLeaf>
" host-cached-sizes="false"/>
			</tab-group>
		</tab-pane>
	</dock>
	<dock anchor="none" content="palette toolbar" origin="857.333 420" is-closed="false">
		<tab-pane mode="expanded" preferred-iconic-length="0" layout-mode="manual">
			<tab-group active-palette="20" is-closed="true">
				<palette id="20" is-closed="false" preferred-unconstrained-size="142785 166603" preferred-constrained-size="142785 166603" current-state="1" is-minimized="false" app-data="#lt;OWLPaletteLeaf name=#quot;#hash;DigitalPublishingUIPanel#quot; id=#quot;141874#quot; minimized=#quot;false#quot; closed=#quot;false#quot;>
#lt;/OWLPaletteLeaf>
" host-cached-sizes="false"/>
			</tab-group>
		</tab-pane>
	</dock>
	<dock anchor="none" content="palette toolbar" origin="617.333 335.333" is-closed="false">
		<tab-pane mode="expanded" preferred-iconic-length="0" layout-mode="manual">
			<tab-group active-palette="23" is-closed="true">
				<palette id="21" is-closed="false" preferred-unconstrained-size="240 200" preferred-constrained-size="240 200" current-state="1" is-minimized="false" app-data="#lt;OWLPaletteLeaf name=#quot;ArticlePanelName#quot; id=#quot;138240#quot; minimized=#quot;false#quot; detailLevel=#quot;1#quot; closed=#quot;false#quot;>
#lt;/OWLPaletteLeaf>
" host-cached-sizes="false"/>
				<palette id="22" is-closed="false" preferred-unconstrained-size="240 246" preferred-constrained-size="240 246" current-state="1" is-minimized="false" app-data="#lt;OWLPaletteLeaf name=#quot;ListHeaderXRefs#quot; id=#quot;79382#quot; minimized=#quot;false#quot; detailLevel=#quot;0#quot; listBoxDetailLevel=#quot;0#quot; closed=#quot;false#quot;>
#lt;HyperlinkPanelOptions sortBy=#quot;1#quot;>
#lt;/HyperlinkPanelOptions>
#lt;/OWLPaletteLeaf>
" host-cached-sizes="false"/>
				<palette id="23" is-closed="false" preferred-unconstrained-size="240 243" preferred-constrained-size="240 243" current-state="1" is-minimized="false" app-data="#lt;OWLPaletteLeaf name=#quot;kLiquidLayoutPanelName#quot; id=#quot;134284#quot; minimized=#quot;false#quot; detailLevel=#quot;0#quot; closed=#quot;false#quot;>
#lt;/OWLPaletteLeaf>
" host-cached-sizes="false"/>
			</tab-group>
		</tab-pane>
	</dock>
	<dock anchor="none" content="palette toolbar" origin="617.333 335.333" is-closed="true">
		<tab-pane mode="expanded" preferred-iconic-length="0" layout-mode="manual">
			<tab-group active-palette="24" is-closed="false">
				<palette id="24" is-closed="false" preferred-unconstrained-size="214 590" preferred-constrained-size="214 590" current-state="1" is-minimized="false" app-data="#lt;OWLPaletteLeaf name=#quot;Adobe Color Themes#quot; id=#quot;134506#quot; CSXSExtensionID=#quot;KLR#quot; minimized=#quot;false#quot; detailLevel=#quot;0#quot; closed=#quot;false#quot;>
#lt;/OWLPaletteLeaf>
" host-cached-sizes="false"/>
			</tab-group>
		</tab-pane>
	</dock>
	<dock anchor="none" content="palette toolbar" origin="617.333 335.333" is-closed="true">
		<tab-pane mode="expanded" preferred-iconic-length="0" layout-mode="manual">
			<tab-group active-palette="25" is-closed="false">
				<palette id="25" is-closed="false" preferred-unconstrained-size="240 155" preferred-constrained-size="240 155" current-state="1" is-minimized="false" app-data="#lt;OWLPaletteLeaf name=#quot;EPUB Interactivity Preview#quot; id=#quot;134502#quot; CSXSExtensionID=#quot;com.adobe.indesign.HTMLPreview.html.extension#quot; minimized=#quot;false#quot; detailLevel=#quot;0#quot; closed=#quot;false#quot;>
#lt;/OWLPaletteLeaf>
" host-cached-sizes="false"/>
			</tab-group>
		</tab-pane>
	</dock>
	<dock anchor="none" content="palette toolbar" origin="617.333 335.333" is-closed="true">
		<tab-pane mode="expanded" preferred-iconic-length="0" layout-mode="manual">
			<tab-group active-palette="26" is-closed="false">
				<palette id="26" is-closed="false" preferred-unconstrained-size="212 480" preferred-constrained-size="212 480" current-state="1" is-minimized="false" app-data="#lt;OWLPaletteLeaf name=#quot;Tool Hints#quot; id=#quot;134510#quot; CSXSExtensionID=#quot;TH#quot; minimized=#quot;false#quot; detailLevel=#quot;0#quot; closed=#quot;false#quot;>
#lt;/OWLPaletteLeaf>
" host-cached-sizes="false"/>
			</tab-group>
		</tab-pane>
	</dock>
	<dock anchor="none" content="palette toolbar" origin="617.333 335.333" is-closed="true">
		<tab-pane mode="expanded" preferred-iconic-length="0" layout-mode="manual">
			<tab-group active-palette="27" is-closed="false">
				<palette id="27" is-closed="false" preferred-unconstrained-size="1134 720" preferred-constrained-size="1134 720" current-state="1" is-minimized="false" app-data="#lt;OWLPaletteLeaf name=#quot;Home#quot; id=#quot;134513#quot; CSXSExtensionID=#quot;com.adobe.ccx.start#quot; minimized=#quot;false#quot; detailLevel=#quot;0#quot; closed=#quot;false#quot;>
#lt;/OWLPaletteLeaf>
" host-cached-sizes="false"/>
			</tab-group>
		</tab-pane>
	</dock>
	<dock anchor="none" content="palette toolbar" origin="578 278" is-closed="true">
		<tab-pane mode="expanded" preferred-iconic-length="0" layout-mode="manual">
			<tab-group active-palette="28" is-closed="false">
				<palette id="28" is-closed="false" preferred-unconstrained-size="305 309" preferred-constrained-size="305 309" current-state="1" is-minimized="false" app-data="#lt;OWLPaletteLeaf name=#quot;kPreflightUIPaletteName#quot; id=#quot;133989#quot; minimized=#quot;false#quot; detailLevel=#quot;0#quot; closed=#quot;false#quot;>
#lt;/OWLPaletteLeaf>
" host-cached-sizes="false"/>
			</tab-group>
		</tab-pane>
	</dock>
	<dock anchor="none" content="palette toolbar" origin="617.333 333.333" is-closed="true">
		<tab-pane mode="expanded" preferred-iconic-length="0" layout-mode="manual">
			<tab-group active-palette="29" is-closed="false">
				<palette id="29" is-closed="false" preferred-unconstrained-size="240 234" preferred-constrained-size="240 234" current-state="1" is-minimized="false" app-data="#lt;OWLPaletteLeaf name=#quot;#hash;CondTextUI_PanelName#quot; id=#quot;133121#quot; minimized=#quot;false#quot; detailLevel=#quot;0#quot; closed=#quot;false#quot;>
#lt;/OWLPaletteLeaf>
" host-cached-sizes="false"/>
			</tab-group>
		</tab-pane>
	</dock>
	<dock anchor="none" content="palette toolbar" origin="617.333 375.333" is-closed="true">
		<tab-pane mode="expanded" preferred-iconic-length="0" layout-mode="manual">
			<tab-group active-palette="30" is-closed="false">
				<palette id="30" is-closed="false" preferred-unconstrained-size="240 142" preferred-constrained-size="240 142" current-state="1" is-minimized="false" app-data="#lt;OWLPaletteLeaf name=#quot;Tag_PanelName#quot; id=#quot;78603#quot; minimized=#quot;false#quot; detailLevel=#quot;0#quot; listBoxDetailLevel=#quot;0#quot; closed=#quot;false#quot;>
#lt;/OWLPaletteLeaf>
" host-cached-sizes="false"/>
			</tab-group>
		</tab-pane>
	</dock>
	<dock anchor="none" content="palette toolbar" origin="617.333 386" is-closed="true">
		<tab-pane mode="expanded" preferred-iconic-length="0" layout-mode="manual">
			<tab-group active-palette="31" is-closed="false">
				<palette id="31" is-closed="false" preferred-unconstrained-size="240 52" preferred-constrained-size="240 52" current-state="1" is-minimized="false" app-data="#lt;OWLPaletteLeaf name=#quot;SP_Story#quot; id=#quot;21249#quot; minimized=#quot;false#quot; detailLevel=#quot;0#quot; closed=#quot;false#quot;>
#lt;/OWLPaletteLeaf>
" host-cached-sizes="false"/>
			</tab-group>
		</tab-pane>
	</dock>
	<dock anchor="none" content="palette toolbar" origin="757.333 394" is-closed="true">
		<tab-pane mode="expanded" preferred-iconic-length="0" layout-mode="manual">
			<tab-group active-palette="32" is-closed="false">
				<palette id="32" is-closed="false" preferred-unconstrained-size="345 181" preferred-constrained-size="345 181" current-state="1" is-minimized="false" app-data="#lt;OWLPaletteLeaf name=#quot;GlyphPanelTitle#quot; id=#quot;53519#quot; minimized=#quot;false#quot; detailLevel=#quot;1#quot; closed=#quot;false#quot;>
#lt;GlyphPanelOptions gridSize=#quot;32#quot; glyphSortOrder=#quot;UnicodeOrder#quot;>
#lt;/GlyphPanelOptions>
#lt;/OWLPaletteLeaf>
" host-cached-sizes="false"/>
			</tab-group>
		</tab-pane>
	</dock>
	<dock anchor="none" content="palette toolbar" origin="617.333 284" is-closed="true">
		<tab-pane mode="expanded" preferred-iconic-length="0" layout-mode="manual">
			<tab-group active-palette="33" is-closed="false">
				<palette id="33" is-closed="false" preferred-unconstrained-size="240 339" preferred-constrained-size="240 339" current-state="1" is-minimized="false" app-data="#lt;OWLPaletteLeaf name=#quot;Index#quot; id=#quot;78081#quot; minimized=#quot;false#quot; detailLevel=#quot;0#quot; closed=#quot;false#quot;>
#lt;/OWLPaletteLeaf>
" host-cached-sizes="false"/>
			</tab-group>
		</tab-pane>
	</dock>
	<dock anchor="none" content="palette toolbar" origin="617.333 385.333" is-closed="true">
		<tab-pane mode="expanded" preferred-iconic-length="0" layout-mode="manual">
			<tab-group active-palette="34" is-closed="false">
				<palette id="34" is-closed="false" preferred-unconstrained-size="240 156" preferred-constrained-size="240 156" current-state="1" is-minimized="false" app-data="#lt;OWLPaletteLeaf name=#quot;Flattening Preview#quot; id=#quot;71956#quot; minimized=#quot;false#quot; detailLevel=#quot;0#quot; closed=#quot;false#quot;>
#lt;/OWLPaletteLeaf>
" host-cached-sizes="false"/>
				<palette id="35" is-closed="false" preferred-unconstrained-size="240 160" preferred-constrained-size="240 160" current-state="1" is-minimized="false" app-data="#lt;OWLPaletteLeaf name=#quot;Separations Preview#quot; id=#quot;71937#quot; minimized=#quot;false#quot; detailLevel=#quot;0#quot; closed=#quot;false#quot;>
#lt;/OWLPaletteLeaf>
" host-cached-sizes="false"/>
				<palette id="36" is-closed="false" preferred-unconstrained-size="240 134" preferred-constrained-size="240 134" current-state="1" is-minimized="false" app-data="#lt;OWLPaletteLeaf name=#quot;kTrapStyles#quot; id=#quot;68097#quot; minimized=#quot;false#quot; detailLevel=#quot;0#quot; listBoxDetailLevel=#quot;0#quot; closed=#quot;false#quot;>
#lt;/OWLPaletteLeaf>
" host-cached-sizes="false"/>
			</tab-group>
		</tab-pane>
	</dock>
	<dock anchor="none" content="palette toolbar" origin="617.333 413.333" is-closed="true">
		<tab-pane mode="expanded" preferred-iconic-length="0" layout-mode="manual">
			<tab-group active-palette="37" is-closed="false">
				<palette id="37" is-closed="false" preferred-unconstrained-size="240 57" preferred-constrained-size="240 57" current-state="1" is-minimized="false" app-data="#lt;OWLPaletteLeaf name=#quot;Attributes#quot; id=#quot;11031#quot; minimized=#quot;false#quot; detailLevel=#quot;0#quot; closed=#quot;false#quot;>
#lt;/OWLPaletteLeaf>
" host-cached-sizes="false"/>
			</tab-group>
		</tab-pane>
	</dock>
	<dock anchor="none" content="palette toolbar" origin="617.333 339.333" is-closed="true">
		<tab-pane mode="expanded" preferred-iconic-length="0" layout-mode="manual">
			<tab-group active-palette="38" is-closed="false">
				<palette id="38" is-closed="false" preferred-unconstrained-size="240 271" preferred-constrained-size="240 271" current-state="1" is-minimized="false" app-data="#lt;OWLPaletteLeaf name=#quot;Align#quot; id=#quot;25871#quot; minimized=#quot;false#quot; detailLevel=#quot;1#quot; closed=#quot;false#quot;>
#lt;/OWLPaletteLeaf>
" host-cached-sizes="false"/>
				<palette id="39" is-closed="false" preferred-unconstrained-size="240 282" preferred-constrained-size="240 282" current-state="1" is-minimized="false" app-data="#lt;OWLPaletteLeaf name=#quot;Pathfinder#quot; id=#quot;99625#quot; minimized=#quot;false#quot; detailLevel=#quot;0#quot; closed=#quot;false#quot;>
#lt;/OWLPaletteLeaf>
" host-cached-sizes="false"/>
			</tab-group>
		</tab-pane>
	</dock>
	<dock anchor="none" content="palette toolbar" origin="617.333 388" is-closed="true">
		<tab-pane mode="expanded" preferred-iconic-length="0" layout-mode="manual">
			<tab-group active-palette="41" is-closed="false">
				<palette id="40" is-closed="false" preferred-unconstrained-size="240 185" preferred-constrained-size="240 185" current-state="1" is-minimized="false" app-data="#lt;OWLPaletteLeaf name=#quot;DataMergePanelName#quot; id=#quot;108033#quot; minimized=#quot;false#quot; detailLevel=#quot;0#quot; closed=#quot;false#quot;>
#lt;/OWLPaletteLeaf>
" host-cached-sizes="false"/>
				<palette id="41" is-closed="false" preferred-unconstrained-size="240 178" preferred-constrained-size="240 178" current-state="1" is-minimized="false" app-data="#lt;OWLPaletteLeaf name=#quot;Script_PanelName#quot; id=#quot;52229#quot; minimized=#quot;false#quot; detailLevel=#quot;0#quot; closed=#quot;false#quot;>
#lt;/OWLPaletteLeaf>
" host-cached-sizes="false"/>
				<palette id="42" is-closed="false" preferred-unconstrained-size="240 81" preferred-constrained-size="240 81" current-state="1" is-minimized="false" app-data="#lt;OWLPaletteLeaf name=#quot;Script Tag#quot; id=#quot;78850#quot; minimized=#quot;false#quot; detailLevel=#quot;0#quot; closed=#quot;false#quot;>
#lt;/OWLPaletteLeaf>
" host-cached-sizes="false"/>
			</tab-group>
		</tab-pane>
	</dock>
	<dock anchor="none" content="palette toolbar" origin="617.333 314" is-closed="true">
		<tab-pane mode="expanded" preferred-iconic-length="0" layout-mode="manual">
			<tab-group active-palette="43" is-closed="false">
				<palette id="43" is-closed="false" preferred-unconstrained-size="240 295" preferred-constrained-size="240 295" current-state="1" is-minimized="false" app-data="#lt;OWLPaletteLeaf name=#quot;Paragraph#quot; id=#quot;27162#quot; minimized=#quot;false#quot; detailLevel=#quot;1#quot; closed=#quot;false#quot;>
#lt;ControlSet id=#quot;27297#quot; visible=#quot;true#quot;>
#lt;/ControlSet>
#lt;ControlSet id=#quot;27298#quot; visible=#quot;true#quot;>
#lt;/ControlSet>
#lt;ControlSet id=#quot;27299#quot; visible=#quot;true#quot;>
#lt;/ControlSet>
#lt;ControlSet id=#quot;145495#quot; visible=#quot;true#quot;>
#lt;/ControlSet>
#lt;ControlSet id=#quot;27379#quot; visible=#quot;true#quot;>
#lt;/ControlSet>
#lt;ControlSet id=#quot;27300#quot; visible=#quot;true#quot;>
#lt;/ControlSet>
#lt;/OWLPaletteLeaf>
" host-cached-sizes="false"/>
			</tab-group>
		</tab-pane>
	</dock>
	<dock anchor="none" content="palette toolbar" origin="617.333 302" is-closed="true">
		<tab-pane mode="expanded" preferred-iconic-length="0" layout-mode="manual">
			<tab-group active-palette="44" is-closed="false">
				<palette id="44" is-closed="false" preferred-unconstrained-size="240 206" preferred-constrained-size="240 206" current-state="1" is-minimized="false" app-data="#lt;OWLPaletteLeaf name=#quot;Character#quot; id=#quot;26901#quot; minimized=#quot;false#quot; detailLevel=#quot;1#quot; closed=#quot;false#quot;>
#lt;ControlSet id=#quot;27048#quot; visible=#quot;true#quot;>
#lt;/ControlSet>
#lt;ControlSet id=#quot;27049#quot; visible=#quot;true#quot;>
#lt;/ControlSet>
#lt;ControlSet id=#quot;27050#quot; visible=#quot;true#quot;>
#lt;/ControlSet>
#lt;ControlSet id=#quot;27051#quot; visible=#quot;true#quot;>
#lt;/ControlSet>
#lt;/OWLPaletteLeaf>
" host-cached-sizes="false"/>
			</tab-group>
		</tab-pane>
	</dock>
	<dock anchor="none" content="palette toolbar" origin="617.333 352" is-closed="true">
		<tab-pane mode="expanded" preferred-iconic-length="0" layout-mode="manual">
			<tab-group active-palette="45" is-closed="false">
				<palette id="45" is-closed="false" preferred-unconstrained-size="240 176" preferred-constrained-size="240 176" current-state="1" is-minimized="false" app-data="#lt;OWLPaletteLeaf name=#quot;kTablePanelTitle#quot; id=#quot;67125#quot; minimized=#quot;false#quot; detailLevel=#quot;0#quot; closed=#quot;false#quot;>
#lt;ControlSet id=#quot;67304#quot; visible=#quot;true#quot;>
#lt;/ControlSet>
#lt;ControlSet id=#quot;67305#quot; visible=#quot;true#quot;>
#lt;/ControlSet>
#lt;/OWLPaletteLeaf>
" host-cached-sizes="false"/>
				<palette id="46" is-closed="false" preferred-unconstrained-size="240 158" preferred-constrained-size="240 158" current-state="1" is-minimized="false" app-data="#lt;OWLPaletteLeaf name=#quot;CellStyles#quot; id=#quot;132112#quot; minimized=#quot;false#quot; detailLevel=#quot;0#quot; listBoxDetailLevel=#quot;0#quot; closed=#quot;false#quot;>
#lt;/OWLPaletteLeaf>
" host-cached-sizes="false"/>
				<palette id="47" is-closed="false" preferred-unconstrained-size="240 158" preferred-constrained-size="240 158" current-state="1" is-minimized="false" app-data="#lt;OWLPaletteLeaf name=#quot;TableStyles#quot; id=#quot;132096#quot; minimized=#quot;false#quot; detailLevel=#quot;0#quot; listBoxDetailLevel=#quot;0#quot; closed=#quot;false#quot;>
#lt;/OWLPaletteLeaf>
" host-cached-sizes="false"/>
			</tab-group>
		</tab-pane>
	</dock>
	<dock anchor="none" content="palette toolbar" origin="617.333 290" is-closed="true">
		<tab-pane mode="expanded" preferred-iconic-length="0" layout-mode="manual">
			<tab-group active-palette="48" is-closed="false">
				<palette id="48" is-closed="false" preferred-unconstrained-size="240 296" preferred-constrained-size="240 296" current-state="1" is-minimized="false" app-data="#lt;OWLPaletteLeaf name=#quot;Hyperlinks#quot; id=#quot;79361#quot; minimized=#quot;false#quot; detailLevel=#quot;0#quot; listBoxDetailLevel=#quot;0#quot; closed=#quot;false#quot;>
#lt;HyperlinkPanelOptions sortBy=#quot;1#quot;>
#lt;/HyperlinkPanelOptions>
#lt;/OWLPaletteLeaf>
" host-cached-sizes="false"/>
			</tab-group>
		</tab-pane>
	</dock>
	<dock anchor="none" content="palette toolbar" origin="617.333 336" is-closed="true">
		<tab-pane mode="expanded" preferred-iconic-length="0" layout-mode="manual">
			<tab-group active-palette="49" is-closed="false">
				<palette id="49" is-closed="false" preferred-unconstrained-size="240 223" preferred-constrained-size="240 223" current-state="1" is-minimized="false" app-data="#lt;OWLPaletteLeaf name=#quot;kPageTransitionsPanelName#quot; id=#quot;134194#quot; minimized=#quot;false#quot; detailLevel=#quot;0#quot; closed=#quot;false#quot;>
#lt;/OWLPaletteLeaf>
" host-cached-sizes="false"/>
			</tab-group>
		</tab-pane>
	</dock>
	<dock anchor="none" content="palette toolbar" origin="617.333 368" is-closed="true">
		<tab-pane mode="expanded" preferred-iconic-length="0" layout-mode="manual">
			<tab-group active-palette="50" is-closed="false">
				<palette id="50" is-closed="false" preferred-unconstrained-size="240 182" preferred-constrained-size="240 182" current-state="1" is-minimized="false" app-data="#lt;OWLPaletteLeaf name=#quot;Info#quot; id=#quot;89089#quot; minimized=#quot;false#quot; detailLevel=#quot;2#quot; closed=#quot;false#quot;>
#lt;/OWLPaletteLeaf>
" host-cached-sizes="false"/>
			</tab-group>
		</tab-pane>
	</dock>
	<dock anchor="none" content="palette toolbar" origin="617.333 386" is-closed="true">
		<tab-pane mode="expanded" preferred-iconic-length="0" layout-mode="manual">
			<tab-group active-palette="51" is-closed="false">
				<palette id="51" is-closed="false" preferred-unconstrained-size="240 115" preferred-constrained-size="240 115" current-state="1" is-minimized="false" app-data="#lt;OWLPaletteLeaf name=#quot;Transform#quot; id=#quot;30254#quot; minimized=#quot;false#quot; detailLevel=#quot;0#quot; closed=#quot;false#quot;>
#lt;/OWLPaletteLeaf>
" host-cached-sizes="false"/>
			</tab-group>
		</tab-pane>
	</dock>
	<dock anchor="none" content="palette toolbar" origin="617.333 380" is-closed="true">
		<tab-pane mode="expanded" preferred-iconic-length="166" layout-mode="manual">
			<tab-group active-palette="52" is-closed="false">
				<palette id="52" is-closed="false" preferred-unconstrained-size="240 132" preferred-constrained-size="240 132" current-state="1" is-minimized="false" app-data="#lt;OWLPaletteLeaf name=#quot;Gradient#quot; id=#quot;24065#quot; minimized=#quot;false#quot; detailLevel=#quot;1#quot; closed=#quot;false#quot;>
#lt;/OWLPaletteLeaf>
" host-cached-sizes="false"/>
			</tab-group>
		</tab-pane>
	</dock>
	<dock anchor="none" content="palette toolbar" origin="656 236" is-closed="true">
		<tab-pane mode="expanded" preferred-iconic-length="166" layout-mode="manual">
			<tab-group active-palette="53" is-closed="false">
				<palette id="53" is-closed="false" preferred-unconstrained-size="240 175" preferred-constrained-size="240 175" current-state="1" is-minimized="false" app-data="#lt;OWLPaletteLeaf name=#quot;TransparencyPaletteName#quot; id=#quot;67841#quot; minimized=#quot;false#quot; detailLevel=#quot;1#quot; closed=#quot;false#quot;>
#lt;EffectsPanelOptions effectsTargetsExpanded=#quot;true#quot;>
#lt;/EffectsPanelOptions>
#lt;/OWLPaletteLeaf>
" host-cached-sizes="false"/>
			</tab-group>
		</tab-pane>
	</dock>
	<dock anchor="none" content="palette toolbar" origin="420 185.333" is-closed="true">
		<tab-pane mode="expanded" preferred-iconic-length="0" layout-mode="manual">
			<tab-group active-palette="54" is-closed="false">
				<palette id="54" is-closed="false" preferred-unconstrained-size="400 230" preferred-constrained-size="400 230" current-state="1" is-minimized="false" app-data="#lt;OWLPaletteLeaf name=#quot;kBGUIPanelName#quot; id=#quot;91242#quot; minimized=#quot;false#quot; detailLevel=#quot;0#quot; closed=#quot;false#quot;>
#lt;/OWLPaletteLeaf>
" host-cached-sizes="false"/>
			</tab-group>
		</tab-pane>
	</dock>
	<dock anchor="none" content="palette toolbar" origin="617.333 326" is-closed="true">
		<tab-pane mode="expanded" preferred-iconic-length="0" layout-mode="manual">
			<tab-group active-palette="55" is-closed="false">
				<palette id="55" is-closed="false" preferred-unconstrained-size="240 213" preferred-constrained-size="240 213" current-state="1" is-minimized="false" app-data="#lt;OWLPaletteLeaf name=#quot;kTimingPanelName#quot; id=#quot;135268#quot; minimized=#quot;false#quot; closed=#quot;false#quot;>
#lt;/OWLPaletteLeaf>
" host-cached-sizes="false"/>
			</tab-group>
		</tab-pane>
	</dock>
	<dock anchor="none" content="palette toolbar" origin="585.333 275.333" is-closed="true">
		<tab-pane mode="expanded" preferred-iconic-length="0" layout-mode="manual">
			<tab-group active-palette="56" is-closed="false">
				<palette id="56" is-closed="false" preferred-unconstrained-size="270 360" preferred-constrained-size="270 360" current-state="1" is-minimized="false" app-data="#lt;OWLPaletteLeaf name=#quot;kAnimationUIPanelName#quot; id=#quot;135169#quot; minimized=#quot;false#quot; detailLevel=#quot;0#quot; closed=#quot;false#quot;>
#lt;/OWLPaletteLeaf>
" host-cached-sizes="false"/>
			</tab-group>
		</tab-pane>
	</dock>
	<dock anchor="none" content="palette toolbar" origin="617.333 376" is-closed="true">
		<tab-pane mode="expanded" preferred-iconic-length="0" layout-mode="manual">
			<tab-group active-palette="57" is-closed="false">
				<palette id="57" is-closed="false" preferred-unconstrained-size="240 173" preferred-constrained-size="240 173" current-state="1" is-minimized="false" app-data="#lt;OWLPaletteLeaf name=#quot;$$$/Panel/MSOPanel#quot; id=#quot;83611#quot; minimized=#quot;false#quot; detailLevel=#quot;1#quot; closed=#quot;false#quot;>
#lt;/OWLPaletteLeaf>
" host-cached-sizes="false"/>
			</tab-group>
		</tab-pane>
	</dock>
	<dock anchor="none" content="palette toolbar" origin="1090 50" is-closed="false">
		<tab-pane mode="expanded" preferred-iconic-length="0" layout-mode="manual">
			<tab-group active-palette="58" is-closed="false">
				<palette id="58" is-closed="true" preferred-unconstrained-size="240 486" preferred-constrained-size="358 492" current-state="1" is-minimized="false" app-data="#lt;OWLPaletteLeaf name=#quot;CC Libraries#quot; id=#quot;134516#quot; CSXSExtensionID=#quot;com.adobe.DesignLibraries.angular#quot; minimized=#quot;false#quot; detailLevel=#quot;0#quot; closed=#quot;true#quot;>
#lt;/OWLPaletteLeaf>
" host-cached-sizes="false"/>
			</tab-group>
		</tab-pane>
	</dock>
	<dock anchor="none" content="palette toolbar" origin="919.333 267.333" is-closed="true">
		<tab-pane mode="expanded" preferred-iconic-length="39" layout-mode="manual">
			<tab-group active-palette="60" is-closed="false">
				<palette id="59" is-closed="false" preferred-unconstrained-size="240 312" preferred-constrained-size="240 312" current-state="1" is-minimized="false" app-data="#lt;OWLPaletteLeaf name=#quot;Stroke#quot; id=#quot;11035#quot; minimized=#quot;false#quot; detailLevel=#quot;1#quot; closed=#quot;false#quot;>
#lt;/OWLPaletteLeaf>
" host-cached-sizes="false"/>
				<palette id="60" is-closed="false" preferred-unconstrained-size="240 138" preferred-constrained-size="240 138" current-state="1" is-minimized="false" app-data="#lt;OWLPaletteLeaf name=#quot;Color#quot; id=#quot;29241#quot; minimized=#quot;false#quot; detailLevel=#quot;1#quot; closed=#quot;false#quot;>
#lt;/OWLPaletteLeaf>
" host-cached-sizes="false"/>
			</tab-group>
		</tab-pane>
	</dock>
	<dock anchor="none" content="palette toolbar" origin="278 271.333" is-closed="true">
		<tab-pane mode="expanded" preferred-iconic-length="39" layout-mode="manual">
			<tab-group active-palette="61" is-closed="false">
				<palette id="61" is-closed="false" preferred-unconstrained-size="246 329" preferred-constrained-size="246 329" current-state="1" is-minimized="false" app-data="#lt;OWLPaletteLeaf name=#quot;Swatches#quot; id=#quot;16385#quot; minimized=#quot;false#quot; detailLevel=#quot;1#quot; listBoxDetailLevel=#quot;0#quot; closed=#quot;false#quot;>
#lt;ControlSet id=#quot;16496#quot; visible=#quot;true#quot;>
#lt;/ControlSet>
#lt;SwatchesPanelOptions displayFilter=#quot;0#quot; colorViewStyle=#quot;16388#quot; gradientViewStyle=#quot;16388#quot; colorGroupViewStyle=#quot;16388#quot; bothViewStyle=#quot;16388#quot;>
#lt;/SwatchesPanelOptions>
#lt;/OWLPaletteLeaf>
" host-cached-sizes="false"/>
				<palette id="62" is-closed="true" preferred-unconstrained-size="240 254" preferred-constrained-size="240 254" current-state="1" is-minimized="false" app-data="#lt;OWLPaletteLeaf name=#quot;Text Wrap#quot; id=#quot;13583#quot; minimized=#quot;false#quot; detailLevel=#quot;1#quot; closed=#quot;true#quot;>
#lt;/OWLPaletteLeaf>
" host-cached-sizes="false"/>
			</tab-group>
		</tab-pane>
	</dock>
</workspace>
]]>
</OWLWorkspaceBookmark>
</PaletteWorkspace>
<menu-set platform="win" file-version="1" application-version="15.0" build-number="209" name="InDesign Defaults" is-preset="true">
</menu-set>
</user-workspace>