{
    "presets": [
        {
            "name": "A4 600 ppi landscape",
            "group": "user",
            "width": 297.0,
            "height": 210.0,
            "units": "millimetersUnit",
            "profile": "default",
            "resolution": 600.0,
            "resolutionUnits": "inchesUnit",
            "depth": 32,
            "scale": 1.0,
            "mode": "RGB",
            "fill": "white",
            "guides": [],
            "artboards": [],
            "lastUsedTime": 1606858153156
        },
        {
            "name": "Default Photoshop Size",
            "group": "default",
            "width": 16.002,
            "height": 11.997266666666669,
            "units": "centimetersUnit",
            "profile": "default",
            "resolution": 118.11023622047245,
            "resolutionUnits": "centimetersUnit",
            "depth": 8,
            "scale": 1.0,
            "mode": "RGB",
            "fill": "white",
            "guides": [],
            "artboards": [],
            "lastUsedTime": 1606857691222
        }
    ]
}