<?xml version='1.0'?>
<prop.map version='4'>
<prop.list>
<prop.pair>
<key>DialogInfo</key>
<prop.list>
</prop.list>
</prop.pair>
<prop.pair>
<key>MonitorInfo</key>
<prop.list>
<prop.pair>
<key>Monitor-0</key>
<array>
<array.type><int type='signed' size='32'/></array.type>
<int type='signed' size='32'>0</int>
<int type='signed' size='32'>0</int>
<int type='signed' size='32'>2560</int>
<int type='signed' size='32'>1370</int>
</array>
</prop.pair>
<prop.pair>
<key>NumMonitors</key>
<int type='unsigned' size='32'>1</int>
</prop.pair>
</prop.list>
</prop.pair>
</prop.list>
</prop.map>
