[{"appSpecificKey":{"artboardLayout":0.0,"artboardRowsOrCols":1.0,"artboardSpacing":20.0,"bleedOffset":[0.0,0.0,0.0,0.0],"customFile":"","documentType":1.0,"gridColor1":[65535.0,65535.0,65535.0],"gridColor2":[52428.0,52428.0,52428.0],"height":792.0,"isATPG":"false","isArtboardLayoutLeftToRight":"true","lockBleed":true,"mode":"CMYK","numArtboards":1.0,"pixelAspectRatio":1.0,"ppi":72.0,"previewMode":2.0,"rasterEffectSettings":300.0,"settingsFile":"C:\\Users\\York\\AppData\\Roaming\\Adobe\\Adobe Illustrator 25 Settings\\en_US\\x64\\New Document Profiles\\Print.ai","transparencyGrid":false,"width":612.0},"artboardSpacing":20.0,"description":"612 x 792 pt","height":792.0,"id":"","isPreset":"true","lastUsedTime":1607268684000,"mime_type":"image/illustrator","mode":"CMYK","numArtboards":1.0,"presetSource":"print","previews":[],"price_prompt":"","resolution":72.0,"size":0.0,"template_category":"recent","thumbnail_url":"SP_PrintDoc.png","tip":"Start a new Letter document - 612 x 792 pt","title":"Letter","units":"pointsUnit","width":612.0},{"appSpecificKey":{"artboardLayout":0.0,"artboardRowsOrCols":1.0,"artboardSpacing":20.0,"bleedOffset":[0.0,0.0,0.0,0.0],"customFile":"","documentType":1.0,"gridColor1":[65535.0,65535.0,65535.0],"gridColor2":[52428.0,52428.0,52428.0],"height":792.0,"isATPG":"false","isArtboardLayoutLeftToRight":"true","lockBleed":true,"mode":"CMYK","numArtboards":1.0,"pixelAspectRatio":1.0,"ppi":72.0,"previewMode":2.0,"rasterEffectSettings":300.0,"settingsFile":"C:\\Users\\York\\AppData\\Roaming\\Adobe\\Adobe Illustrator 25 Settings\\en_US\\x64\\New Document Profiles\\Print.ai","transparencyGrid":false,"width":612.0},"artboardSpacing":20.0,"description":"595.28 x 841.89 pt","height":841.8898315429688,"id":"","isPreset":"true","lastUsedTime":1607268684000,"mime_type":"image/illustrator","mode":"CMYK","numArtboards":1.0,"presetSource":"print","previews":[],"price_prompt":"","resolution":72.0,"size":0.0,"template_category":"recent","thumbnail_url":"SP_PrintDoc.png","tip":"Start a new A4 document - 595.28 x 841.89 pt","title":"A4","units":"pointsUnit","width":595.2755737304688},{"appSpecificKey":{"artboardLayout":0.0,"artboardRowsOrCols":1.0,"artboardSpacing":20.0,"bleedOffset":[0.0,0.0,0.0,0.0],"customFile":"","documentType":2.0,"gridColor1":[65535.0,65535.0,65535.0],"gridColor2":[52428.0,52428.0,52428.0],"height":560.0,"isATPG":"false","isArtboardLayoutLeftToRight":"true","lockBleed":true,"mode":"RGB","numArtboards":1.0,"pixelAspectRatio":1.0,"ppi":72.0,"previewMode":2.0,"rasterEffectSettings":72.0,"settingsFile":"C:\\Users\\York\\AppData\\Roaming\\Adobe\\Adobe Illustrator 25 Settings\\en_US\\x64\\New Document Profiles\\Web.ai","transparencyGrid":false,"width":960.0},"artboardSpacing":20.0,"description":"1920 x 1080 px","height":1080.0,"id":"","isPreset":"true","lastUsedTime":1607268684000,"mime_type":"image/illustrator","mode":"RGB","numArtboards":1.0,"presetSource":"web","previews":[],"price_prompt":"","resolution":72.0,"size":0.0,"template_category":"recent","thumbnail_url":"SP_PresetWebDoc.png","tip":"Start a new Web-Large document - 1920 x 1080 px","title":"Web-Large","units":"pixelsUnit","width":1920.0}]