[{"featureValue":0.0,"name":"4#kolek"},{"featureValue":64.0,"name":"ACaslonPro-Bold"},{"featureValue":64.0,"name":"ACaslonPro-BoldItalic"},{"featureValue":64.0,"name":"ACaslonPro-Italic"},{"featureValue":64.0,"name":"ACaslonPro-Regular"},{"featureValue":64.0,"name":"ACaslonPro-Semibold"},{"featureValue":64.0,"name":"ACaslonPro-SemiboldItalic"},{"featureValue":64.0,"name":"AGaramondPro-Bold"},{"featureValue":64.0,"name":"AGaramondPro-BoldItalic"},{"featureValue":64.0,"name":"AGaramondPro-Italic"},{"featureValue":64.0,"name":"AGaramondPro-Regular"},{"featureValue":0.0,"name":"AcehOriginal"},{"featureValue":0.0,"name":"AceriHalit"},{"featureValue":0.0,"name":"AceriHalit-02"},{"featureValue":0.0,"name":"AceriHalit-03"},{"featureValue":0.0,"name":"Achilles"},{"featureValue":0.0,"name":"Achilles3D"},{"featureValue":0.0,"name":"Achilles3DItalic"},{"featureValue":0.0,"name":"AchillesBold"},{"featureValue":0.0,"name":"AchillesBoldItalic"},{"featureValue":0.0,"name":"AchillesCondensed"},{"featureValue":0.0,"name":"AchillesCondensedItalic"},{"featureValue":0.0,"name":"AchillesExpanded"},{"featureValue":0.0,"name":"AchillesExpandedItalic"},{"featureValue":0.0,"name":"AchillesGradient"},{"featureValue":0.0,"name":"AchillesGradientItalic"},{"featureValue":0.0,"name":"AchillesItalic"},{"featureValue":0.0,"name":"AchillesLeftalic"},{"featureValue":0.0,"name":"AchillesOutline"},{"featureValue":0.0,"name":"AchillesOutlineItalic"},{"featureValue":0.0,"name":"AchillesSemi-Italic"},{"featureValue":0.0,"name":"AchillesSuper-Italic"},{"featureValue":0.0,"name":"AdobeArabic-Bold"},{"featureValue":0.0,"name":"AdobeArabic-BoldItalic"},{"featureValue":0.0,"name":"AdobeArabic-Italic"},{"featureValue":0.0,"name":"AdobeArabic-Regular"},{"featureValue":0.0,"name":"AdobeDevanagari-Bold"},{"featureValue":0.0,"name":"AdobeDevanagari-BoldItalic"},{"featureValue":0.0,"name":"AdobeDevanagari-Italic"},{"featureValue":0.0,"name":"AdobeDevanagari-Regular"},{"featureValue":0.0,"name":"AdobeFanHeitiStd-Bold-B5pc-H"},{"featureValue":0.0,"name":"AdobeFangsongStd-Regular-GBpc-EUC-H"},{"featureValue":0.0,"name":"AdobeGothicStd-Bold-KSCpc-EUC-H"},{"featureValue":0.0,"name":"AdobeHebrew-Bold"},{"featureValue":0.0,"name":"AdobeHebrew-BoldItalic"},{"featureValue":0.0,"name":"AdobeHebrew-Italic"},{"featureValue":0.0,"name":"AdobeHebrew-Regular"},{"featureValue":0.0,"name":"AdobeHeitiStd-Regular-GBpc-EUC-H"},{"featureValue":0.0,"name":"AdobeKaitiStd-Regular-GBpc-EUC-H"},{"featureValue":0.0,"name":"AdobeMingStd-Light-B5pc-H"},{"featureValue":0.0,"name":"AdobeMyungjoStd-Medium-KSCpc-EUC-H"},{"featureValue":0.0,"name":"AdobeNaskh-Medium"},{"featureValue":0.0,"name":"AdobeSongStd-Light-GBpc-EUC-H"},{"featureValue":0.0,"name":"AdunarothClassic"},{"featureValue":0.0,"name":"Afaka-Roman"},{"featureValue":6.0,"name":"Afarat-ibn-Blady"},{"featureValue":0.0,"name":"Alchemy"},{"featureValue":16.0,"name":"Alef-Bold"},{"featureValue":16.0,"name":"Alef-Regular"},{"featureValue":4.0,"name":"Alfabetix"},{"featureValue":0.0,"name":"Alternative-Script"},{"featureValue":0.0,"name":"Amadz3"},{"featureValue":6.0,"name":"AmholeSW"},{"featureValue":64.0,"name":"Amiri-Bold"},{"featureValue":64.0,"name":"Amiri-BoldSlanted"},{"featureValue":64.0,"name":"Amiri-Regular"},{"featureValue":64.0,"name":"Amiri-Slanted"},{"featureValue":0.0,"name":"AmiriQuran-Regular"},{"featureValue":0.0,"name":"AncientFutureDemo-Regular"},{"featureValue":66.0,"name":"AncientGlyph"},{"featureValue":0.0,"name":"Angelic"},{"featureValue":0.0,"name":"Angerthas-Moria"},{"featureValue":0.0,"name":"AngloSaxonRunes"},{"featureValue":0.0,"name":"AngloSaxonRunes1"},{"featureValue":0.0,"name":"AngloSaxonRunes2"},{"featureValue":2.0,"name":"AntroposFreefont"},{"featureValue":102.0,"name":"AppleBeech"},{"featureValue":16.0,"name":"Arial-Black"},{"featureValue":16.0,"name":"Arial-BoldItalicMT"},{"featureValue":16.0,"name":"Arial-BoldMT"},{"featureValue":16.0,"name":"Arial-ItalicMT"},{"featureValue":16.0,"name":"ArialMT"},{"featureValue":6.0,"name":"ArtGreco"},{"featureValue":0.0,"name":"Artemis"},{"featureValue":64.0,"name":"Ataic"},{"featureValue":6.0,"name":"Avern"},{"featureValue":66.0,"name":"Aziana-Regular"},{"featureValue":6.0,"name":"Aztechno"},{"featureValue":0.0,"name":"BabelStoneGoblin"},{"featureValue":0.0,"name":"BaybayinRounded-Regular"},{"featureValue":2.0,"name":"Behistun"},{"featureValue":2.0,"name":"Behistun"},{"featureValue":0.0,"name":"Bel'arian"},{"featureValue":4.0,"name":"Ben-Zion"},{"featureValue":2.0,"name":"Ben-Zion3D"},{"featureValue":0.0,"name":"Ben-Zion3DItalic"},{"featureValue":6.0,"name":"Ben-ZionCondensed"},{"featureValue":4.0,"name":"Ben-ZionCondensedItalic"},{"featureValue":0.0,"name":"Ben-ZionExpanded"},{"featureValue":4.0,"name":"Ben-ZionExpandedItalic"},{"featureValue":4.0,"name":"Ben-ZionItalic"},{"featureValue":64.0,"name":"Ben-ZionLeftalic"},{"featureValue":0.0,"name":"BethDavid"},{"featureValue":64.0,"name":"BirchStd"},{"featureValue":128.0,"name":"BlackoakStd"},{"featureValue":32.0,"name":"BrushScriptStd"},{"featureValue":64.0,"name":"CKA3b"},{"featureValue":64.0,"name":"Caladea-Bold"},{"featureValue":64.0,"name":"Caladea-BoldItalic"},{"featureValue":64.0,"name":"Caladea-Italic"},{"featureValue":64.0,"name":"Caladea-Regular"},{"featureValue":16.0,"name":"Calibri"},{"featureValue":16.0,"name":"Calibri-Bold"},{"featureValue":16.0,"name":"Calibri-BoldItalic"},{"featureValue":16.0,"name":"Calibri-Italic"},{"featureValue":16.0,"name":"Calibri-Light"},{"featureValue":16.0,"name":"Calibri-LightItalic"},{"featureValue":64.0,"name":"Cambria"},{"featureValue":64.0,"name":"Cambria-Bold"},{"featureValue":64.0,"name":"Cambria-BoldItalic"},{"featureValue":64.0,"name":"Cambria-Italic"},{"featureValue":64.0,"name":"CambriaMath"},{"featureValue":16.0,"name":"Candara"},{"featureValue":16.0,"name":"Candara-Bold"},{"featureValue":16.0,"name":"Candara-BoldItalic"},{"featureValue":16.0,"name":"Candara-Italic"},{"featureValue":16.0,"name":"Candara-Light"},{"featureValue":16.0,"name":"Candara-LightItalic"},{"featureValue":0.0,"name":"Caralhunan-Cursive"},{"featureValue":16.0,"name":"Carlito"},{"featureValue":16.0,"name":"Carlito-Bold"},{"featureValue":16.0,"name":"Carlito-BoldItalic"},{"featureValue":16.0,"name":"Carlito-Italic"},{"featureValue":6.0,"name":"Ceasar"},{"featureValue":128.0,"name":"ChaparralPro-Bold"},{"featureValue":128.0,"name":"ChaparralPro-BoldIt"},{"featureValue":128.0,"name":"ChaparralPro-Italic"},{"featureValue":128.0,"name":"ChaparralPro-LightIt"},{"featureValue":128.0,"name":"ChaparralPro-Regular"},{"featureValue":64.0,"name":"CharlemagneStd-Bold"},{"featureValue":0.0,"name":"Chayotologi"},{"featureValue":2.0,"name":"Chillkadunguwe"},{"featureValue":0.0,"name":"CirnajaBookhand"},{"featureValue":0.0,"name":"CirnajaCalligraphy"},{"featureValue":6.0,"name":"Cleopatra"},{"featureValue":4.0,"name":"ComicSansMS"},{"featureValue":4.0,"name":"ComicSansMS-Bold"},{"featureValue":4.0,"name":"ComicSansMS-BoldItalic"},{"featureValue":4.0,"name":"ComicSansMS-Italic"},{"featureValue":8.0,"name":"Consolas"},{"featureValue":8.0,"name":"Consolas-Bold"},{"featureValue":8.0,"name":"Consolas-BoldItalic"},{"featureValue":8.0,"name":"Consolas-Italic"},{"featureValue":64.0,"name":"Constantia"},{"featureValue":64.0,"name":"Constantia-Bold"},{"featureValue":64.0,"name":"Constantia-BoldItalic"},{"featureValue":64.0,"name":"Constantia-Italic"},{"featureValue":64.0,"name":"CooperBlackStd"},{"featureValue":64.0,"name":"CooperBlackStd-Italic"},{"featureValue":16.0,"name":"Corbel"},{"featureValue":16.0,"name":"Corbel-Bold"},{"featureValue":16.0,"name":"Corbel-BoldItalic"},{"featureValue":16.0,"name":"Corbel-Italic"},{"featureValue":16.0,"name":"CorbelLight"},{"featureValue":16.0,"name":"CorbelLight-Italic"},{"featureValue":8.0,"name":"CourierNewPS-BoldItalicMT"},{"featureValue":8.0,"name":"CourierNewPS-BoldMT"},{"featureValue":8.0,"name":"CourierNewPS-ItalicMT"},{"featureValue":8.0,"name":"CourierNewPSMT"},{"featureValue":2.0,"name":"Crymeddau"},{"featureValue":0.0,"name":"Curveticnormal"},{"featureValue":6.0,"name":"CylenianFont"},{"featureValue":0.0,"name":"DAIKAN"},{"featureValue":0.0,"name":"DHUgaritic"},{"featureValue":0.0,"name":"DKNorthumbria"},{"featureValue":6.0,"name":"Dalek"},{"featureValue":6.0,"name":"Dalek"},{"featureValue":6.0,"name":"DarkArtsBB"},{"featureValue":0.0,"name":"DavidCLM-Bold"},{"featureValue":0.0,"name":"DavidCLM-BoldItalic"},{"featureValue":0.0,"name":"DavidCLM-Medium"},{"featureValue":0.0,"name":"DavidCLM-MediumItalic"},{"featureValue":64.0,"name":"DavidLibre-Bold"},{"featureValue":64.0,"name":"DavidLibre-Regular"},{"featureValue":64.0,"name":"DejaVuMathTeXGyre-Regular"},{"featureValue":16.0,"name":"DejaVuSans"},{"featureValue":16.0,"name":"DejaVuSans-Bold"},{"featureValue":16.0,"name":"DejaVuSans-BoldOblique"},{"featureValue":16.0,"name":"DejaVuSans-ExtraLight"},{"featureValue":16.0,"name":"DejaVuSans-Oblique"},{"featureValue":16.0,"name":"DejaVuSansCondensed"},{"featureValue":16.0,"name":"DejaVuSansCondensed-Bold"},{"featureValue":16.0,"name":"DejaVuSansCondensed-BoldOblique"},{"featureValue":16.0,"name":"DejaVuSansCondensed-Oblique"},{"featureValue":8.0,"name":"DejaVuSansMono"},{"featureValue":8.0,"name":"DejaVuSansMono-Bold"},{"featureValue":8.0,"name":"DejaVuSansMono-BoldOblique"},{"featureValue":8.0,"name":"DejaVuSansMono-Oblique"},{"featureValue":64.0,"name":"DejaVuSerif"},{"featureValue":64.0,"name":"DejaVuSerif-Bold"},{"featureValue":64.0,"name":"DejaVuSerif-BoldItalic"},{"featureValue":64.0,"name":"DejaVuSerif-Italic"},{"featureValue":64.0,"name":"DejaVuSerifCondensed"},{"featureValue":64.0,"name":"DejaVuSerifCondensed-Bold"},{"featureValue":64.0,"name":"DejaVuSerifCondensed-BoldItalic"},{"featureValue":64.0,"name":"DejaVuSerifCondensed-Italic"},{"featureValue":0.0,"name":"Demano"},{"featureValue":0.0,"name":"DushanMusaAlphabet-Regular"},{"featureValue":0.0,"name":"DwarfRunes"},{"featureValue":0.0,"name":"DwarfRunes1"},{"featureValue":0.0,"name":"DwarfRunes2"},{"featureValue":0.0,"name":"EasyLombardicTwo"},{"featureValue":16.0,"name":"Ebrima"},{"featureValue":0.0,"name":"Ebrima-Bold"},{"featureValue":2.0,"name":"EdhironAsdhrielv.1.2"},{"featureValue":18.0,"name":"EgyptSilhous"},{"featureValue":6.0,"name":"ElderMagic"},{"featureValue":4.0,"name":"ElderMagicItalic"},{"featureValue":2.0,"name":"ElderMagicShadow"},{"featureValue":6.0,"name":"ElderMagicShadowItalic"},{"featureValue":6.0,"name":"ElficCaslin"},{"featureValue":0.0,"name":"ElvenCommonSpeak"},{"featureValue":0.0,"name":"Enganagri"},{"featureValue":0.0,"name":"Enochian"},{"featureValue":0.0,"name":"Enochian"},{"featureValue":0.0,"name":"Etruscan"},{"featureValue":0.0,"name":"Eufnix"},{"featureValue":4.0,"name":"Europaphon"},{"featureValue":64.0,"name":"Exquisite"},{"featureValue":0.0,"name":"FBB_4_336994"},{"featureValue":34.0,"name":"Faer"},{"featureValue":70.0,"name":"FehtiMartonersiRegular"},{"featureValue":6.0,"name":"Fingers"},{"featureValue":0.0,"name":"FirstTemple"},{"featureValue":0.0,"name":"FrankRuehlCLM-Bold"},{"featureValue":0.0,"name":"FrankRuehlCLM-BoldOblique"},{"featureValue":0.0,"name":"FrankRuehlCLM-Medium"},{"featureValue":0.0,"name":"FrankRuehlCLM-MediumOblique"},{"featureValue":64.0,"name":"FrankRuhlHofshi-Bold"},{"featureValue":64.0,"name":"FrankRuhlHofshi-Regular"},{"featureValue":16.0,"name":"FranklinGothic-Medium"},{"featureValue":16.0,"name":"FranklinGothic-MediumItalic"},{"featureValue":6.0,"name":"FutharkAdapted"},{"featureValue":4.0,"name":"GDEnochian"},{"featureValue":32.0,"name":"Gabriola"},{"featureValue":16.0,"name":"Gadugi"},{"featureValue":0.0,"name":"Gadugi-Bold"},{"featureValue":0.0,"name":"Gammadel"},{"featureValue":0.0,"name":"GeYinZi"},{"featureValue":0.0,"name":"GeckoPersonalUseOnly"},{"featureValue":64.0,"name":"GentiumBasic"},{"featureValue":64.0,"name":"GentiumBasic-Bold"},{"featureValue":64.0,"name":"GentiumBasic-BoldItalic"},{"featureValue":64.0,"name":"GentiumBasic-Italic"},{"featureValue":64.0,"name":"GentiumBookBasic"},{"featureValue":64.0,"name":"GentiumBookBasic-Bold"},{"featureValue":64.0,"name":"GentiumBookBasic-BoldItalic"},{"featureValue":64.0,"name":"GentiumBookBasic-Italic"},{"featureValue":64.0,"name":"Georgia"},{"featureValue":64.0,"name":"Georgia-Bold"},{"featureValue":64.0,"name":"Georgia-BoldItalic"},{"featureValue":64.0,"name":"Georgia-Italic"},{"featureValue":0.0,"name":"GermanicRunes"},{"featureValue":0.0,"name":"GermanicRunes1"},{"featureValue":0.0,"name":"GermanicRunes2"},{"featureValue":32.0,"name":"GiddyupStd"},{"featureValue":2.0,"name":"GlagoliticAOE"},{"featureValue":4.0,"name":"GoatskinBrushPersonalUse"},{"featureValue":0.0,"name":"GodofThunder"},{"featureValue":0.0,"name":"GraipRunic"},{"featureValue":66.0,"name":"GreekStone"},{"featureValue":0.0,"name":"Greex"},{"featureValue":32.0,"name":"GreifswalderTengwar-Regular"},{"featureValue":4.0,"name":"GunnyHandwriting"},{"featureValue":18.0,"name":"GyptienneNormal"},{"featureValue":0.0,"name":"HABBAKUK"},{"featureValue":0.0,"name":"Half-Elven"},{"featureValue":0.0,"name":"Half-Elven3D"},{"featureValue":0.0,"name":"Half-Elven3DItalic-Italic"},{"featureValue":0.0,"name":"Half-ElvenBold-Bold"},{"featureValue":32.0,"name":"Half-ElvenBoldItalic-BoldItalic"},{"featureValue":32.0,"name":"Half-ElvenCondensed-Condensed"},{"featureValue":32.0,"name":"Half-ElvenCondensedItalic-CondensedItalic"},{"featureValue":32.0,"name":"Half-ElvenExpanded-Expanded"},{"featureValue":32.0,"name":"Half-ElvenExpandedItalic-ExpandedItalic"},{"featureValue":32.0,"name":"Half-ElvenItalic-Italic"},{"featureValue":0.0,"name":"Half-ElvenLeftalic-Italic"},{"featureValue":34.0,"name":"Hanawan-Syllabary"},{"featureValue":6.0,"name":"HaraldRunic"},{"featureValue":6.0,"name":"Hargita"},{"featureValue":132.0,"name":"HartaHungarian"},{"featureValue":7.0,"name":"Heorot"},{"featureValue":7.0,"name":"HeorotExpanded"},{"featureValue":5.0,"name":"HeorotExpandedItalic"},{"featureValue":5.0,"name":"HeorotItalic"},{"featureValue":7.0,"name":"HeorotShadow"},{"featureValue":5.0,"name":"HeorotShadowItalic"},{"featureValue":0.0,"name":"Herami"},{"featureValue":2.0,"name":"Hidden-Archives"},{"featureValue":2.0,"name":"Hieroglify"},{"featureValue":2.0,"name":"HoboStd"},{"featureValue":0.0,"name":"HoloLensMDL2Assets"},{"featureValue":0.0,"name":"HopyratianyaSkria-Regular"},{"featureValue":16.0,"name":"Impact"},{"featureValue":4.0,"name":"IndieFlower"},{"featureValue":4.0,"name":"InkFree"},{"featureValue":6.0,"name":"Inspired"},{"featureValue":2.0,"name":"Insula"},{"featureValue":4.0,"name":"Iokharic"},{"featureValue":4.0,"name":"Iokharic-Bold"},{"featureValue":2.0,"name":"JMHArgos-Regular"},{"featureValue":2.0,"name":"JMHArgos-Regular"},{"featureValue":0.0,"name":"JandaAmazingGrace"},{"featureValue":64.0,"name":"JavaneseText"},{"featureValue":0.0,"name":"JeernervaniaanQelis"},{"featureValue":0.0,"name":"JeernervaniaanQelisNormalItalic"},{"featureValue":6.0,"name":"Jerusalem"},{"featureValue":6.0,"name":"JerusalemBold"},{"featureValue":4.0,"name":"JerusalemItalic"},{"featureValue":6.0,"name":"JerusalemShadow"},{"featureValue":0.0,"name":"KacstBook"},{"featureValue":0.0,"name":"KacstOffice"},{"featureValue":0.0,"name":"KadoshSamaritan"},{"featureValue":0.0,"name":"Kakauna"},{"featureValue":0.0,"name":"KalisCalligraphy"},{"featureValue":2.0,"name":"Kanisah"},{"featureValue":2.0,"name":"Khosrau"},{"featureValue":6.0,"name":"Khosrau"},{"featureValue":2.0,"name":"KhuzdulErebor"},{"featureValue":0.0,"name":"Korohanza"},{"featureValue":0.0,"name":"KozGoPr6N-Bold-90ms-RKSJ-H"},{"featureValue":0.0,"name":"KozGoPr6N-ExtraLight-90ms-RKSJ-H"},{"featureValue":0.0,"name":"KozGoPr6N-Heavy-90ms-RKSJ-H"},{"featureValue":0.0,"name":"KozGoPr6N-Light-90ms-RKSJ-H"},{"featureValue":0.0,"name":"KozGoPr6N-Medium-90ms-RKSJ-H"},{"featureValue":0.0,"name":"KozGoPr6N-Regular-90ms-RKSJ-H"},{"featureValue":0.0,"name":"KozGoPro-Bold-90ms-RKSJ-H"},{"featureValue":0.0,"name":"KozGoPro-ExtraLight-90ms-RKSJ-H"},{"featureValue":0.0,"name":"KozGoPro-Heavy-90ms-RKSJ-H"},{"featureValue":0.0,"name":"KozGoPro-Light-90ms-RKSJ-H"},{"featureValue":0.0,"name":"KozGoPro-Medium-90ms-RKSJ-H"},{"featureValue":0.0,"name":"KozGoPro-Regular-90ms-RKSJ-H"},{"featureValue":0.0,"name":"KozMinPr6N-Bold-90ms-RKSJ-H"},{"featureValue":0.0,"name":"KozMinPr6N-ExtraLight-90ms-RKSJ-H"},{"featureValue":0.0,"name":"KozMinPr6N-Heavy-90ms-RKSJ-H"},{"featureValue":0.0,"name":"KozMinPr6N-Light-90ms-RKSJ-H"},{"featureValue":0.0,"name":"KozMinPr6N-Medium-90ms-RKSJ-H"},{"featureValue":0.0,"name":"KozMinPr6N-Regular-90ms-RKSJ-H"},{"featureValue":0.0,"name":"KozMinPro-Bold-90ms-RKSJ-H"},{"featureValue":0.0,"name":"KozMinPro-ExtraLight-90ms-RKSJ-H"},{"featureValue":0.0,"name":"KozMinPro-Heavy-90ms-RKSJ-H"},{"featureValue":0.0,"name":"KozMinPro-Light-90ms-RKSJ-H"},{"featureValue":0.0,"name":"KozMinPro-Medium-90ms-RKSJ-H"},{"featureValue":0.0,"name":"KozMinPro-Regular-90ms-RKSJ-H"},{"featureValue":4.0,"name":"Laalanormal"},{"featureValue":0.0,"name":"LeelawadeeUI"},{"featureValue":0.0,"name":"LeelawadeeUI-Bold"},{"featureValue":0.0,"name":"LeelawadeeUI-Semilight"},{"featureValue":8.0,"name":"LetterGothicStd"},{"featureValue":8.0,"name":"LetterGothicStd-Bold"},{"featureValue":8.0,"name":"LetterGothicStd-BoldSlanted"},{"featureValue":8.0,"name":"LetterGothicStd-Slanted"},{"featureValue":8.0,"name":"LiberationMono"},{"featureValue":8.0,"name":"LiberationMono-Bold"},{"featureValue":8.0,"name":"LiberationMono-BoldItalic"},{"featureValue":8.0,"name":"LiberationMono-Italic"},{"featureValue":16.0,"name":"LiberationSans"},{"featureValue":16.0,"name":"LiberationSans-Bold"},{"featureValue":16.0,"name":"LiberationSans-BoldItalic"},{"featureValue":16.0,"name":"LiberationSans-Italic"},{"featureValue":16.0,"name":"LiberationSansNarrow"},{"featureValue":0.0,"name":"LiberationSansNarrow-Bold"},{"featureValue":16.0,"name":"LiberationSansNarrow-BoldItalic"},{"featureValue":16.0,"name":"LiberationSansNarrow-Italic"},{"featureValue":64.0,"name":"LiberationSerif"},{"featureValue":64.0,"name":"LiberationSerif-Bold"},{"featureValue":64.0,"name":"LiberationSerif-BoldItalic"},{"featureValue":64.0,"name":"LiberationSerif-Italic"},{"featureValue":52.0,"name":"LiereanScript"},{"featureValue":6.0,"name":"Linear-B-Regular"},{"featureValue":0.0,"name":"LinuxBiolinumG"},{"featureValue":0.0,"name":"LinuxBiolinumGB"},{"featureValue":0.0,"name":"LinuxBiolinumGI"},{"featureValue":64.0,"name":"LinuxLibertineDG"},{"featureValue":64.0,"name":"LinuxLibertineG"},{"featureValue":64.0,"name":"LinuxLibertineGB"},{"featureValue":64.0,"name":"LinuxLibertineGBI"},{"featureValue":64.0,"name":"LinuxLibertineGI"},{"featureValue":64.0,"name":"LinuxLibertineGZ"},{"featureValue":64.0,"name":"LinuxLibertineGZI"},{"featureValue":6.0,"name":"LironScript"},{"featureValue":16.0,"name":"LithosPro-Black"},{"featureValue":16.0,"name":"LithosPro-Regular"},{"featureValue":0.0,"name":"Lortho-2"},{"featureValue":8.0,"name":"LucidaConsole"},{"featureValue":16.0,"name":"LucidaSansUnicode"},{"featureValue":2.0,"name":"Lupanesque"},{"featureValue":0.0,"name":"MS-Gothic"},{"featureValue":0.0,"name":"MS-PGothic"},{"featureValue":0.0,"name":"MS-UIGothic"},{"featureValue":4.0,"name":"MVBoli"},{"featureValue":64.0,"name":"Makedonia"},{"featureValue":0.0,"name":"MalgunGothic"},{"featureValue":0.0,"name":"MalgunGothic-Semilight"},{"featureValue":0.0,"name":"MalgunGothicBold"},{"featureValue":0.0,"name":"Mandy'sSketch"},{"featureValue":4.0,"name":"Mara'sEye"},{"featureValue":2.0,"name":"Marlett"},{"featureValue":0.0,"name":"MedeliciaRegular"},{"featureValue":2.0,"name":"MesquiteStd"},{"featureValue":64.0,"name":"Microsoft-Himalaya"},{"featureValue":16.0,"name":"Microsoft-Yi-Baiti"},{"featureValue":0.0,"name":"MicrosoftJhengHeiBold"},{"featureValue":0.0,"name":"MicrosoftJhengHeiLight"},{"featureValue":0.0,"name":"MicrosoftJhengHeiRegular"},{"featureValue":0.0,"name":"MicrosoftJhengHeiUIBold"},{"featureValue":0.0,"name":"MicrosoftJhengHeiUILight"},{"featureValue":0.0,"name":"MicrosoftJhengHeiUIRegular"},{"featureValue":16.0,"name":"MicrosoftNewTaiLue"},{"featureValue":0.0,"name":"MicrosoftNewTaiLue-Bold"},{"featureValue":16.0,"name":"MicrosoftPhagsPa"},{"featureValue":0.0,"name":"MicrosoftPhagsPa-Bold"},{"featureValue":16.0,"name":"MicrosoftSansSerif"},{"featureValue":16.0,"name":"MicrosoftTaiLe"},{"featureValue":16.0,"name":"MicrosoftTaiLe-Bold"},{"featureValue":0.0,"name":"MicrosoftYaHei"},{"featureValue":0.0,"name":"MicrosoftYaHei-Bold"},{"featureValue":0.0,"name":"MicrosoftYaHeiLight"},{"featureValue":0.0,"name":"MicrosoftYaHeiUI"},{"featureValue":0.0,"name":"MicrosoftYaHeiUI-Bold"},{"featureValue":0.0,"name":"MicrosoftYaHeiUILight"},{"featureValue":6.0,"name":"Midjungards"},{"featureValue":0.0,"name":"Ming-Lt-HKSCS-ExtB"},{"featureValue":0.0,"name":"MingLiU-ExtB"},{"featureValue":64.0,"name":"MinionPro-Bold"},{"featureValue":64.0,"name":"MinionPro-BoldCn"},{"featureValue":64.0,"name":"MinionPro-BoldCnIt"},{"featureValue":64.0,"name":"MinionPro-BoldIt"},{"featureValue":64.0,"name":"MinionPro-It"},{"featureValue":64.0,"name":"MinionPro-Medium"},{"featureValue":64.0,"name":"MinionPro-MediumIt"},{"featureValue":64.0,"name":"MinionPro-Regular"},{"featureValue":64.0,"name":"MinionPro-Semibold"},{"featureValue":64.0,"name":"MinionPro-SemiboldIt"},{"featureValue":0.0,"name":"MiriamCLM-Bold"},{"featureValue":0.0,"name":"MiriamCLM-Book"},{"featureValue":0.0,"name":"MiriamLibre-Bold"},{"featureValue":0.0,"name":"MiriamLibre-Regular"},{"featureValue":0.0,"name":"MiriamMonoCLM-Bold"},{"featureValue":0.0,"name":"MiriamMonoCLM-BoldOblique"},{"featureValue":0.0,"name":"MiriamMonoCLM-Book"},{"featureValue":0.0,"name":"MiriamMonoCLM-BookOblique"},{"featureValue":64.0,"name":"MongolianBaiti"},{"featureValue":0.0,"name":"MyFontRegular"},{"featureValue":0.0,"name":"MyanmarText"},{"featureValue":0.0,"name":"MyanmarText-Bold"},{"featureValue":0.0,"name":"MyriadArabic-Bold"},{"featureValue":0.0,"name":"MyriadArabic-BoldIt"},{"featureValue":0.0,"name":"MyriadArabic-It"},{"featureValue":0.0,"name":"MyriadArabic-Regular"},{"featureValue":0.0,"name":"MyriadHebrew-Bold"},{"featureValue":0.0,"name":"MyriadHebrew-BoldIt"},{"featureValue":0.0,"name":"MyriadHebrew-It"},{"featureValue":0.0,"name":"MyriadHebrew-Regular"},{"featureValue":16.0,"name":"MyriadPro-Bold"},{"featureValue":16.0,"name":"MyriadPro-BoldCond"},{"featureValue":16.0,"name":"MyriadPro-BoldCondIt"},{"featureValue":16.0,"name":"MyriadPro-BoldIt"},{"featureValue":16.0,"name":"MyriadPro-Cond"},{"featureValue":16.0,"name":"MyriadPro-CondIt"},{"featureValue":16.0,"name":"MyriadPro-It"},{"featureValue":16.0,"name":"MyriadPro-Regular"},{"featureValue":16.0,"name":"MyriadPro-Semibold"},{"featureValue":16.0,"name":"MyriadPro-SemiboldIt"},{"featureValue":0.0,"name":"Mythical&HopliteNoodgies"},{"featureValue":0.0,"name":"NSimSun"},{"featureValue":0.0,"name":"NachlieliCLM-Bold"},{"featureValue":0.0,"name":"NachlieliCLM-BoldOblique"},{"featureValue":0.0,"name":"NachlieliCLM-Light"},{"featureValue":0.0,"name":"NachlieliCLM-LightOblique"},{"featureValue":44.0,"name":"NeoRunic"},{"featureValue":0.0,"name":"NewAkhaT"},{"featureValue":0.0,"name":"NewMaori"},{"featureValue":4.0,"name":"NewmongT"},{"featureValue":0.0,"name":"NirichaenNinety"},{"featureValue":0.0,"name":"NirmalaUI"},{"featureValue":0.0,"name":"NirmalaUI-Bold"},{"featureValue":0.0,"name":"NirmalaUI-Semilight"},{"featureValue":0.0,"name":"NotoKufiArabic"},{"featureValue":0.0,"name":"NotoKufiArabic-Bold"},{"featureValue":8.0,"name":"NotoMono"},{"featureValue":0.0,"name":"NotoNaskhArabic"},{"featureValue":0.0,"name":"NotoNaskhArabic-Bold"},{"featureValue":0.0,"name":"NotoNaskhArabicUI"},{"featureValue":0.0,"name":"NotoNaskhArabicUI-Bold"},{"featureValue":16.0,"name":"NotoSans-Bold"},{"featureValue":16.0,"name":"NotoSans-BoldItalic"},{"featureValue":16.0,"name":"NotoSans-Condensed"},{"featureValue":16.0,"name":"NotoSans-CondensedBold"},{"featureValue":16.0,"name":"NotoSans-CondensedBoldItalic"},{"featureValue":16.0,"name":"NotoSans-CondensedItalic"},{"featureValue":16.0,"name":"NotoSans-Italic"},{"featureValue":16.0,"name":"NotoSans-Light"},{"featureValue":16.0,"name":"NotoSans-LightItalic"},{"featureValue":16.0,"name":"NotoSans-Regular"},{"featureValue":0.0,"name":"NotoSansArabic-Bold"},{"featureValue":0.0,"name":"NotoSansArabic-Regular"},{"featureValue":0.0,"name":"NotoSansArabicUI-Bold"},{"featureValue":0.0,"name":"NotoSansArabicUI-Regular"},{"featureValue":0.0,"name":"NotoSansArmenian-Bold"},{"featureValue":0.0,"name":"NotoSansArmenian-Regular"},{"featureValue":0.0,"name":"NotoSansGeorgian-Bold"},{"featureValue":0.0,"name":"NotoSansGeorgian-Regular"},{"featureValue":0.0,"name":"NotoSansHebrew-Bold"},{"featureValue":0.0,"name":"NotoSansHebrew-Regular"},{"featureValue":0.0,"name":"NotoSansLao-Bold"},{"featureValue":0.0,"name":"NotoSansLao-Regular"},{"featureValue":0.0,"name":"NotoSansLisu-Regular"},{"featureValue":64.0,"name":"NotoSerif-Bold"},{"featureValue":64.0,"name":"NotoSerif-BoldItalic"},{"featureValue":64.0,"name":"NotoSerif-Condensed"},{"featureValue":64.0,"name":"NotoSerif-CondensedBold"},{"featureValue":64.0,"name":"NotoSerif-CondensedBoldItalic"},{"featureValue":64.0,"name":"NotoSerif-CondensedItalic"},{"featureValue":64.0,"name":"NotoSerif-Italic"},{"featureValue":64.0,"name":"NotoSerif-Light"},{"featureValue":64.0,"name":"NotoSerif-LightItalic"},{"featureValue":64.0,"name":"NotoSerif-Regular"},{"featureValue":0.0,"name":"NotoSerifArmenian-Bold"},{"featureValue":0.0,"name":"NotoSerifArmenian-Regular"},{"featureValue":0.0,"name":"NotoSerifGeorgian-Bold"},{"featureValue":0.0,"name":"NotoSerifGeorgian-Regular"},{"featureValue":0.0,"name":"NotoSerifHebrew-Bold"},{"featureValue":0.0,"name":"NotoSerifHebrew-Regular"},{"featureValue":0.0,"name":"NotoSerifLao-Bold"},{"featureValue":0.0,"name":"NotoSerifLao-Regular"},{"featureValue":64.0,"name":"NuevaStd-Bold"},{"featureValue":64.0,"name":"NuevaStd-BoldCond"},{"featureValue":64.0,"name":"NuevaStd-BoldCondItalic"},{"featureValue":64.0,"name":"NuevaStd-Cond"},{"featureValue":64.0,"name":"NuevaStd-CondItalic"},{"featureValue":64.0,"name":"NuevaStd-Italic"},{"featureValue":8.0,"name":"OCRAStd"},{"featureValue":0.0,"name":"ObeliskMXVV"},{"featureValue":68.0,"name":"Off_Ancient_Egyptian"},{"featureValue":8.0,"name":"OratorStd"},{"featureValue":8.0,"name":"OratorStd-Slanted"},{"featureValue":0.0,"name":"PMingLiU-ExtB"},{"featureValue":64.0,"name":"PalatinoLinotype-Bold"},{"featureValue":64.0,"name":"PalatinoLinotype-BoldItalic"},{"featureValue":64.0,"name":"PalatinoLinotype-Italic"},{"featureValue":64.0,"name":"PalatinoLinotype-Roman"},{"featureValue":0.0,"name":"PanaKai"},{"featureValue":80.0,"name":"Pattern"},{"featureValue":4.0,"name":"Pecita"},{"featureValue":4.0,"name":"PekrifNormal"},{"featureValue":208.0,"name":"Peperklips-Klassiek-Mono-Regular"},{"featureValue":208.0,"name":"Peperklips-Redis-Mono-Regular"},{"featureValue":2.0,"name":"PersianAvestan-Bold"},{"featureValue":0.0,"name":"PeskyPhoenicians"},{"featureValue":0.0,"name":"PfefferMediaeval"},{"featureValue":6.0,"name":"Pompeii-Caps"},{"featureValue":16.0,"name":"PoplarStd"},{"featureValue":0.0,"name":"Poseidon"},{"featureValue":64.0,"name":"Praetoria"},{"featureValue":8.0,"name":"PrestigeEliteStd-Bd"},{"featureValue":64.0,"name":"Primitive"},{"featureValue":0.0,"name":"Primus"},{"featureValue":6.0,"name":"Prokopis-Regular"},{"featureValue":4.0,"name":"Promenades"},{"featureValue":4.0,"name":"Promenades"},{"featureValue":5.0,"name":"RVBcalx068375"},{"featureValue":0.0,"name":"ReemKufi-Regular"},{"featureValue":0.0,"name":"Ren"},{"featureValue":6.0,"name":"ReneMP"},{"featureValue":0.0,"name":"RiseofKingdom"},{"featureValue":6.0,"name":"RomaMonumentalBC"},{"featureValue":128.0,"name":"RosewoodStd-Regular"},{"featureValue":0.0,"name":"Rubik-Bold"},{"featureValue":0.0,"name":"Rubik-BoldItalic"},{"featureValue":0.0,"name":"Rubik-Italic"},{"featureValue":0.0,"name":"Rubik-Regular"},{"featureValue":0.0,"name":"RuneSlasher"},{"featureValue":0.0,"name":"RuneSlasher3D"},{"featureValue":0.0,"name":"RuneSlasher3DItalic"},{"featureValue":0.0,"name":"RuneSlasherBold"},{"featureValue":0.0,"name":"RuneSlasherBoldItalic"},{"featureValue":0.0,"name":"RuneSlasherCondensed"},{"featureValue":0.0,"name":"RuneSlasherCondensedItalic"},{"featureValue":0.0,"name":"RuneSlasherExpanded"},{"featureValue":0.0,"name":"RuneSlasherExpandedItalic"},{"featureValue":0.0,"name":"RuneSlasherItalic"},{"featureValue":0.0,"name":"RuneSlasherLeftalic"},{"featureValue":0.0,"name":"RuneSlasherRotalic"},{"featureValue":0.0,"name":"RuneSlasherRotated"},{"featureValue":0.0,"name":"RuneSlasherRotated2"},{"featureValue":0.0,"name":"RuneSlasherSemi-Bold"},{"featureValue":0.0,"name":"RuneSlasherSemi-BoldItalic"},{"featureValue":4.0,"name":"RunesWritten"},{"featureValue":4.0,"name":"RunesWritten-Bold"},{"featureValue":6.0,"name":"SArchipelago"},{"featureValue":2.0,"name":"SUNITA_OLONAL"},{"featureValue":80.0,"name":"SaanjoChananMukh"},{"featureValue":0.0,"name":"Sable"},{"featureValue":32.0,"name":"SaratiEldamarLTR"},{"featureValue":64.0,"name":"SaratiEldamarLTRBar"},{"featureValue":2.0,"name":"SaratiEldamarRTL"},{"featureValue":64.0,"name":"SaratiEldamarRTLBar"},{"featureValue":0.0,"name":"SaratiEldamarVertical"},{"featureValue":6.0,"name":"SaratiEldamarVerticalBar"},{"featureValue":0.0,"name":"Scheherazade-Bold"},{"featureValue":0.0,"name":"Scheherazade-Regular"},{"featureValue":0.0,"name":"SegoeMDL2Assets"},{"featureValue":4.0,"name":"SegoePrint"},{"featureValue":4.0,"name":"SegoePrint-Bold"},{"featureValue":4.0,"name":"SegoeScript"},{"featureValue":36.0,"name":"SegoeScript-Bold"},{"featureValue":16.0,"name":"SegoeUI"},{"featureValue":0.0,"name":"SegoeUI-Bold"},{"featureValue":0.0,"name":"SegoeUI-BoldItalic"},{"featureValue":0.0,"name":"SegoeUI-Italic"},{"featureValue":16.0,"name":"SegoeUI-Light"},{"featureValue":0.0,"name":"SegoeUI-LightItalic"},{"featureValue":16.0,"name":"SegoeUI-Semibold"},{"featureValue":0.0,"name":"SegoeUI-SemiboldItalic"},{"featureValue":16.0,"name":"SegoeUI-Semilight"},{"featureValue":0.0,"name":"SegoeUI-SemilightItalic"},{"featureValue":0.0,"name":"SegoeUIBlack"},{"featureValue":0.0,"name":"SegoeUIBlack-Italic"},{"featureValue":16.0,"name":"SegoeUIHistoric"},{"featureValue":16.0,"name":"SegoeUISymbol"},{"featureValue":0.0,"name":"Sheffre-Omega"},{"featureValue":0.0,"name":"ShirnBrdul"},{"featureValue":0.0,"name":"Shiwi"},{"featureValue":0.0,"name":"SimSun"},{"featureValue":0.0,"name":"SimSun-ExtB"},{"featureValue":32.0,"name":"SinnerScript-Regular"},{"featureValue":64.0,"name":"SitkaBanner"},{"featureValue":64.0,"name":"SitkaBanner-Bold"},{"featureValue":64.0,"name":"SitkaBanner-BoldItalic"},{"featureValue":64.0,"name":"SitkaBanner-Italic"},{"featureValue":64.0,"name":"SitkaDisplay"},{"featureValue":64.0,"name":"SitkaDisplay-Bold"},{"featureValue":64.0,"name":"SitkaDisplay-BoldItalic"},{"featureValue":64.0,"name":"SitkaDisplay-Italic"},{"featureValue":64.0,"name":"SitkaHeading"},{"featureValue":64.0,"name":"SitkaHeading-Bold"},{"featureValue":64.0,"name":"SitkaHeading-BoldItalic"},{"featureValue":64.0,"name":"SitkaHeading-Italic"},{"featureValue":64.0,"name":"SitkaSmall"},{"featureValue":64.0,"name":"SitkaSmall-Bold"},{"featureValue":64.0,"name":"SitkaSmall-BoldItalic"},{"featureValue":64.0,"name":"SitkaSmall-Italic"},{"featureValue":64.0,"name":"SitkaSubheading"},{"featureValue":64.0,"name":"SitkaSubheading-Bold"},{"featureValue":64.0,"name":"SitkaSubheading-BoldItalic"},{"featureValue":64.0,"name":"SitkaSubheading-Italic"},{"featureValue":64.0,"name":"SitkaText"},{"featureValue":64.0,"name":"SitkaText-Bold"},{"featureValue":64.0,"name":"SitkaText-BoldItalic"},{"featureValue":64.0,"name":"SitkaText-Italic"},{"featureValue":0.0,"name":"SkainianTrebuchetMS"},{"featureValue":0.0,"name":"SkainianTrebuchetMS-Italic"},{"featureValue":4.0,"name":"Slimamif"},{"featureValue":0.0,"name":"SlimamifBold"},{"featureValue":4.0,"name":"SlimamifLight"},{"featureValue":4.0,"name":"SlimamifMedium"},{"featureValue":16.0,"name":"SourceSansPro-Black"},{"featureValue":16.0,"name":"SourceSansPro-BlackIt"},{"featureValue":16.0,"name":"SourceSansPro-Bold"},{"featureValue":16.0,"name":"SourceSansPro-BoldIt"},{"featureValue":16.0,"name":"SourceSansPro-ExtraLight"},{"featureValue":16.0,"name":"SourceSansPro-ExtraLightIt"},{"featureValue":16.0,"name":"SourceSansPro-It"},{"featureValue":16.0,"name":"SourceSansPro-Light"},{"featureValue":16.0,"name":"SourceSansPro-LightIt"},{"featureValue":16.0,"name":"SourceSansPro-Regular"},{"featureValue":16.0,"name":"SourceSansPro-Semibold"},{"featureValue":16.0,"name":"SourceSansPro-SemiboldIt"},{"featureValue":64.0,"name":"SourceSerifPro-Black"},{"featureValue":64.0,"name":"SourceSerifPro-BlackIt"},{"featureValue":64.0,"name":"SourceSerifPro-Bold"},{"featureValue":64.0,"name":"SourceSerifPro-BoldIt"},{"featureValue":64.0,"name":"SourceSerifPro-ExtraLight"},{"featureValue":64.0,"name":"SourceSerifPro-ExtraLightIt"},{"featureValue":64.0,"name":"SourceSerifPro-It"},{"featureValue":64.0,"name":"SourceSerifPro-Light"},{"featureValue":64.0,"name":"SourceSerifPro-LightIt"},{"featureValue":64.0,"name":"SourceSerifPro-Regular"},{"featureValue":64.0,"name":"SourceSerifPro-Semibold"},{"featureValue":64.0,"name":"SourceSerifPro-SemiboldIt"},{"featureValue":0.0,"name":"Soyombo"},{"featureValue":4.0,"name":"SpaceInKees-Caligrafic"},{"featureValue":4.0,"name":"SpontanoCondenso"},{"featureValue":2.0,"name":"StencilStd"},{"featureValue":6.0,"name":"Stormning"},{"featureValue":6.0,"name":"StormningAsgard"},{"featureValue":6.0,"name":"StormningAsgardObl"},{"featureValue":6.0,"name":"StormningBold"},{"featureValue":6.0,"name":"StormningBoldObl"},{"featureValue":6.0,"name":"StormningLight"},{"featureValue":6.0,"name":"StormningLightObl"},{"featureValue":6.0,"name":"StormningObl"},{"featureValue":6.0,"name":"StormningOutl"},{"featureValue":6.0,"name":"StormningOutlObl"},{"featureValue":6.0,"name":"StormningRawOutl"},{"featureValue":6.0,"name":"StormningRawOutlObl"},{"featureValue":66.0,"name":"SunsheeW"},{"featureValue":64.0,"name":"Sylfaen"},{"featureValue":2.0,"name":"SymbolMT"},{"featureValue":2.0,"name":"TRIBEFONT-Regular"},{"featureValue":0.0,"name":"Tabula-Peutingeriana---Capitel-Bold-Italic"},{"featureValue":2.0,"name":"TabulaPeutingeriana"},{"featureValue":16.0,"name":"Tahoma"},{"featureValue":16.0,"name":"Tahoma-Bold"},{"featureValue":0.0,"name":"Tanar"},{"featureValue":4.0,"name":"TektonPro-Bold"},{"featureValue":4.0,"name":"TektonPro-BoldCond"},{"featureValue":4.0,"name":"TektonPro-BoldExt"},{"featureValue":4.0,"name":"TektonPro-BoldObl"},{"featureValue":2.0,"name":"Tengo"},{"featureValue":132.0,"name":"TengwarAnnatar"},{"featureValue":4.0,"name":"TengwarAnnatar-Bold"},{"featureValue":32.0,"name":"TengwarAnnatar-BoldItalic"},{"featureValue":32.0,"name":"TengwarAnnatar-Italic"},{"featureValue":0.0,"name":"TengwarAnnatarAlt"},{"featureValue":0.0,"name":"TengwarAnnatarAlt-Bold"},{"featureValue":0.0,"name":"TengwarAnnatarAlt-BoldItalic"},{"featureValue":0.0,"name":"TengwarAnnatarAlt-Italic"},{"featureValue":0.0,"name":"TengwarCursive"},{"featureValue":160.0,"name":"TengwarParmaite"},{"featureValue":0.0,"name":"TengwarParmaiteAlt"},{"featureValue":6.0,"name":"Thor"},{"featureValue":64.0,"name":"TimesNewRomanPS-BoldItalicMT"},{"featureValue":64.0,"name":"TimesNewRomanPS-BoldMT"},{"featureValue":64.0,"name":"TimesNewRomanPS-ItalicMT"},{"featureValue":64.0,"name":"TimesNewRomanPSMT"},{"featureValue":32.0,"name":"Tolkien"},{"featureValue":64.0,"name":"TrajanPro-Bold"},{"featureValue":64.0,"name":"TrajanPro-Regular"},{"featureValue":0.0,"name":"TrajanusRoman"},{"featureValue":16.0,"name":"Trebuchet-BoldItalic"},{"featureValue":16.0,"name":"TrebuchetMS"},{"featureValue":16.0,"name":"TrebuchetMS-Bold"},{"featureValue":16.0,"name":"TrebuchetMS-Italic"},{"featureValue":0.0,"name":"Trevor's-Super-Longhand"},{"featureValue":128.0,"name":"UnivarCondensed"},{"featureValue":0.0,"name":"Universal-Alphabet"},{"featureValue":0.0,"name":"Unown"},{"featureValue":6.0,"name":"Utrusken"},{"featureValue":34.0,"name":"ValmaricEldamar"},{"featureValue":0.0,"name":"Vavileqel"},{"featureValue":16.0,"name":"Verdana"},{"featureValue":16.0,"name":"Verdana-Bold"},{"featureValue":16.0,"name":"Verdana-BoldItalic"},{"featureValue":16.0,"name":"Verdana-Italic"},{"featureValue":2.0,"name":"VerticalA"},{"featureValue":2.0,"name":"VerticalB"},{"featureValue":6.0,"name":"Vremisian-2.0"},{"featureValue":0.0,"name":"WarHeliosCondCBold"},{"featureValue":2.0,"name":"Webdings"},{"featureValue":2.0,"name":"Wingdings-Regular"},{"featureValue":0.0,"name":"WoWsSymbol"},{"featureValue":4.0,"name":"WornManuscript"},{"featureValue":2.0,"name":"Wyrm"},{"featureValue":4.0,"name":"Xarrovv"},{"featureValue":0.0,"name":"YuGothic-Bold"},{"featureValue":0.0,"name":"YuGothic-Light"},{"featureValue":0.0,"name":"YuGothic-Medium"},{"featureValue":0.0,"name":"YuGothic-Regular"},{"featureValue":0.0,"name":"YuGothicUI-Bold"},{"featureValue":0.0,"name":"YuGothicUI-Light"},{"featureValue":0.0,"name":"YuGothicUI-Regular"},{"featureValue":0.0,"name":"YuGothicUI-Semibold"},{"featureValue":0.0,"name":"YuGothicUI-Semilight"},{"featureValue":2.0,"name":"Zarathustra"},{"featureValue":2.0,"name":"Zarathustra"},{"featureValue":2.0,"name":"Zigourat"},{"featureValue":66.0,"name":"Zigourati"},{"featureValue":0.0,"name":"Zodiastic"},{"featureValue":4.0,"name":"elvish"},{"featureValue":4.0,"name":"esthajnal"},{"featureValue":6.0,"name":"falandril"},{"featureValue":6.0,"name":"godofwar"},{"featureValue":0.0,"name":"keburi"},{"featureValue":66.0,"name":"lirske"},{"featureValue":0.0,"name":"marulipi"},{"featureValue":64.0,"name":"mermaidtales"},{"featureValue":0.0,"name":"metamorphosis"},{"featureValue":0.0,"name":"newFont-Regular"},{"featureValue":2.0,"name":"nineveh-regular-1.0"},{"featureValue":0.0,"name":"qosta"},{"featureValue":0.0,"name":"samaritan"},{"featureValue":64.0,"name":"skullsandcrossbones"},{"featureValue":0.0,"name":"thepriest"},{"featureValue":2.0,"name":"tinta"},{"featureValue":2.0,"name":"treasurehunt"},{"featureValue":0.0,"name":"wickedqueen"},{"featureValue":0.0,"name":"zfigar"},{"featureValue":0.0,"name":"zozo"}]