[{"featureValue":64.0,"name":"ACaslonPro-Bold"},{"featureValue":64.0,"name":"ACaslonPro-BoldItalic"},{"featureValue":64.0,"name":"ACaslonPro-Italic"},{"featureValue":64.0,"name":"ACaslonPro-Regular"},{"featureValue":64.0,"name":"ACaslonPro-Semibold"},{"featureValue":64.0,"name":"ACaslonPro-SemiboldItalic"},{"featureValue":64.0,"name":"AGaramondPro-Bold"},{"featureValue":64.0,"name":"AGaramondPro-BoldItalic"},{"featureValue":64.0,"name":"AGaramondPro-Italic"},{"featureValue":64.0,"name":"AGaramondPro-Regular"},{"featureValue":0.0,"name":"AdobeArabic-Bold"},{"featureValue":0.0,"name":"AdobeArabic-BoldItalic"},{"featureValue":0.0,"name":"AdobeArabic-Italic"},{"featureValue":0.0,"name":"AdobeArabic-Regular"},{"featureValue":0.0,"name":"AdobeDevanagari-Bold"},{"featureValue":0.0,"name":"AdobeDevanagari-BoldItalic"},{"featureValue":0.0,"name":"AdobeDevanagari-Italic"},{"featureValue":0.0,"name":"AdobeDevanagari-Regular"},{"featureValue":0.0,"name":"AdobeFanHeitiStd-Bold-B5pc-H"},{"featureValue":0.0,"name":"AdobeFangsongStd-Regular-GBpc-EUC-H"},{"featureValue":0.0,"name":"AdobeGothicStd-Bold-KSCpc-EUC-H"},{"featureValue":0.0,"name":"AdobeHebrew-Bold"},{"featureValue":0.0,"name":"AdobeHebrew-BoldItalic"},{"featureValue":0.0,"name":"AdobeHebrew-Italic"},{"featureValue":0.0,"name":"AdobeHebrew-Regular"},{"featureValue":0.0,"name":"AdobeHeitiStd-Regular-GBpc-EUC-H"},{"featureValue":0.0,"name":"AdobeKaitiStd-Regular-GBpc-EUC-H"},{"featureValue":0.0,"name":"AdobeMingStd-Light-B5pc-H"},{"featureValue":0.0,"name":"AdobeMyungjoStd-Medium-KSCpc-EUC-H"},{"featureValue":0.0,"name":"AdobeNaskh-Medium"},{"featureValue":0.0,"name":"AdobeSongStd-Light-GBpc-EUC-H"},{"featureValue":16.0,"name":"Alef-Bold"},{"featureValue":16.0,"name":"Alef-Regular"},{"featureValue":64.0,"name":"Amiri-Bold"},{"featureValue":64.0,"name":"Amiri-BoldSlanted"},{"featureValue":64.0,"name":"Amiri-Regular"},{"featureValue":64.0,"name":"Amiri-Slanted"},{"featureValue":0.0,"name":"AmiriQuran-Regular"},{"featureValue":16.0,"name":"Arial-Black"},{"featureValue":16.0,"name":"Arial-BoldItalicMT"},{"featureValue":16.0,"name":"Arial-BoldMT"},{"featureValue":16.0,"name":"Arial-ItalicMT"},{"featureValue":16.0,"name":"ArialMT"},{"featureValue":64.0,"name":"BirchStd"},{"featureValue":128.0,"name":"BlackoakStd"},{"featureValue":32.0,"name":"BrushScriptStd"},{"featureValue":64.0,"name":"Caladea-Bold"},{"featureValue":64.0,"name":"Caladea-BoldItalic"},{"featureValue":64.0,"name":"Caladea-Italic"},{"featureValue":64.0,"name":"Caladea-Regular"},{"featureValue":16.0,"name":"Calibri"},{"featureValue":16.0,"name":"Calibri-Bold"},{"featureValue":16.0,"name":"Calibri-BoldItalic"},{"featureValue":16.0,"name":"Calibri-Italic"},{"featureValue":16.0,"name":"Calibri-Light"},{"featureValue":16.0,"name":"Calibri-LightItalic"},{"featureValue":64.0,"name":"Cambria"},{"featureValue":64.0,"name":"Cambria-Bold"},{"featureValue":64.0,"name":"Cambria-BoldItalic"},{"featureValue":64.0,"name":"Cambria-Italic"},{"featureValue":64.0,"name":"CambriaMath"},{"featureValue":16.0,"name":"Candara"},{"featureValue":16.0,"name":"Candara-Bold"},{"featureValue":16.0,"name":"Candara-BoldItalic"},{"featureValue":16.0,"name":"Candara-Italic"},{"featureValue":16.0,"name":"Candara-Light"},{"featureValue":16.0,"name":"Candara-LightItalic"},{"featureValue":16.0,"name":"Carlito"},{"featureValue":16.0,"name":"Carlito-Bold"},{"featureValue":16.0,"name":"Carlito-BoldItalic"},{"featureValue":16.0,"name":"Carlito-Italic"},{"featureValue":128.0,"name":"ChaparralPro-Bold"},{"featureValue":128.0,"name":"ChaparralPro-BoldIt"},{"featureValue":128.0,"name":"ChaparralPro-Italic"},{"featureValue":128.0,"name":"ChaparralPro-LightIt"},{"featureValue":128.0,"name":"ChaparralPro-Regular"},{"featureValue":64.0,"name":"CharlemagneStd-Bold"},{"featureValue":4.0,"name":"ComicSansMS"},{"featureValue":4.0,"name":"ComicSansMS-Bold"},{"featureValue":4.0,"name":"ComicSansMS-BoldItalic"},{"featureValue":4.0,"name":"ComicSansMS-Italic"},{"featureValue":8.0,"name":"Consolas"},{"featureValue":8.0,"name":"Consolas-Bold"},{"featureValue":8.0,"name":"Consolas-BoldItalic"},{"featureValue":8.0,"name":"Consolas-Italic"},{"featureValue":64.0,"name":"Constantia"},{"featureValue":64.0,"name":"Constantia-Bold"},{"featureValue":64.0,"name":"Constantia-BoldItalic"},{"featureValue":64.0,"name":"Constantia-Italic"},{"featureValue":64.0,"name":"CooperBlackStd"},{"featureValue":64.0,"name":"CooperBlackStd-Italic"},{"featureValue":16.0,"name":"Corbel"},{"featureValue":16.0,"name":"Corbel-Bold"},{"featureValue":16.0,"name":"Corbel-BoldItalic"},{"featureValue":16.0,"name":"Corbel-Italic"},{"featureValue":16.0,"name":"CorbelLight"},{"featureValue":16.0,"name":"CorbelLight-Italic"},{"featureValue":8.0,"name":"CourierNewPS-BoldItalicMT"},{"featureValue":8.0,"name":"CourierNewPS-BoldMT"},{"featureValue":8.0,"name":"CourierNewPS-ItalicMT"},{"featureValue":8.0,"name":"CourierNewPSMT"},{"featureValue":0.0,"name":"DavidCLM-Bold"},{"featureValue":0.0,"name":"DavidCLM-BoldItalic"},{"featureValue":0.0,"name":"DavidCLM-Medium"},{"featureValue":0.0,"name":"DavidCLM-MediumItalic"},{"featureValue":64.0,"name":"DavidLibre-Bold"},{"featureValue":64.0,"name":"DavidLibre-Regular"},{"featureValue":64.0,"name":"DejaVuMathTeXGyre-Regular"},{"featureValue":16.0,"name":"DejaVuSans"},{"featureValue":16.0,"name":"DejaVuSans-Bold"},{"featureValue":16.0,"name":"DejaVuSans-BoldOblique"},{"featureValue":16.0,"name":"DejaVuSans-ExtraLight"},{"featureValue":16.0,"name":"DejaVuSans-Oblique"},{"featureValue":16.0,"name":"DejaVuSansCondensed"},{"featureValue":16.0,"name":"DejaVuSansCondensed-Bold"},{"featureValue":16.0,"name":"DejaVuSansCondensed-BoldOblique"},{"featureValue":16.0,"name":"DejaVuSansCondensed-Oblique"},{"featureValue":8.0,"name":"DejaVuSansMono"},{"featureValue":8.0,"name":"DejaVuSansMono-Bold"},{"featureValue":8.0,"name":"DejaVuSansMono-BoldOblique"},{"featureValue":8.0,"name":"DejaVuSansMono-Oblique"},{"featureValue":64.0,"name":"DejaVuSerif"},{"featureValue":64.0,"name":"DejaVuSerif-Bold"},{"featureValue":64.0,"name":"DejaVuSerif-BoldItalic"},{"featureValue":64.0,"name":"DejaVuSerif-Italic"},{"featureValue":64.0,"name":"DejaVuSerifCondensed"},{"featureValue":64.0,"name":"DejaVuSerifCondensed-Bold"},{"featureValue":64.0,"name":"DejaVuSerifCondensed-BoldItalic"},{"featureValue":64.0,"name":"DejaVuSerifCondensed-Italic"},{"featureValue":16.0,"name":"Ebrima"},{"featureValue":0.0,"name":"Ebrima-Bold"},{"featureValue":0.0,"name":"ElvenCommonSpeak"},{"featureValue":0.0,"name":"FrankRuehlCLM-Bold"},{"featureValue":0.0,"name":"FrankRuehlCLM-BoldOblique"},{"featureValue":0.0,"name":"FrankRuehlCLM-Medium"},{"featureValue":0.0,"name":"FrankRuehlCLM-MediumOblique"},{"featureValue":64.0,"name":"FrankRuhlHofshi-Bold"},{"featureValue":64.0,"name":"FrankRuhlHofshi-Regular"},{"featureValue":16.0,"name":"FranklinGothic-Medium"},{"featureValue":16.0,"name":"FranklinGothic-MediumItalic"},{"featureValue":32.0,"name":"Gabriola"},{"featureValue":16.0,"name":"Gadugi"},{"featureValue":0.0,"name":"Gadugi-Bold"},{"featureValue":64.0,"name":"GentiumBasic"},{"featureValue":64.0,"name":"GentiumBasic-Bold"},{"featureValue":64.0,"name":"GentiumBasic-BoldItalic"},{"featureValue":64.0,"name":"GentiumBasic-Italic"},{"featureValue":64.0,"name":"GentiumBookBasic"},{"featureValue":64.0,"name":"GentiumBookBasic-Bold"},{"featureValue":64.0,"name":"GentiumBookBasic-BoldItalic"},{"featureValue":64.0,"name":"GentiumBookBasic-Italic"},{"featureValue":64.0,"name":"Georgia"},{"featureValue":64.0,"name":"Georgia-Bold"},{"featureValue":64.0,"name":"Georgia-BoldItalic"},{"featureValue":64.0,"name":"Georgia-Italic"},{"featureValue":32.0,"name":"GiddyupStd"},{"featureValue":4.0,"name":"GunnyHandwriting"},{"featureValue":2.0,"name":"HoboStd"},{"featureValue":0.0,"name":"HoloLensMDL2Assets"},{"featureValue":16.0,"name":"Impact"},{"featureValue":4.0,"name":"IndieFlower"},{"featureValue":4.0,"name":"InkFree"},{"featureValue":4.0,"name":"Iokharic"},{"featureValue":4.0,"name":"Iokharic-Bold"},{"featureValue":64.0,"name":"JavaneseText"},{"featureValue":0.0,"name":"KacstBook"},{"featureValue":0.0,"name":"KacstOffice"},{"featureValue":0.0,"name":"KozGoPr6N-Bold-90ms-RKSJ-H"},{"featureValue":0.0,"name":"KozGoPr6N-ExtraLight-90ms-RKSJ-H"},{"featureValue":0.0,"name":"KozGoPr6N-Heavy-90ms-RKSJ-H"},{"featureValue":0.0,"name":"KozGoPr6N-Light-90ms-RKSJ-H"},{"featureValue":0.0,"name":"KozGoPr6N-Medium-90ms-RKSJ-H"},{"featureValue":0.0,"name":"KozGoPr6N-Regular-90ms-RKSJ-H"},{"featureValue":0.0,"name":"KozGoPro-Bold-90ms-RKSJ-H"},{"featureValue":0.0,"name":"KozGoPro-ExtraLight-90ms-RKSJ-H"},{"featureValue":0.0,"name":"KozGoPro-Heavy-90ms-RKSJ-H"},{"featureValue":0.0,"name":"KozGoPro-Light-90ms-RKSJ-H"},{"featureValue":0.0,"name":"KozGoPro-Medium-90ms-RKSJ-H"},{"featureValue":0.0,"name":"KozGoPro-Regular-90ms-RKSJ-H"},{"featureValue":0.0,"name":"KozMinPr6N-Bold-90ms-RKSJ-H"},{"featureValue":0.0,"name":"KozMinPr6N-ExtraLight-90ms-RKSJ-H"},{"featureValue":0.0,"name":"KozMinPr6N-Heavy-90ms-RKSJ-H"},{"featureValue":0.0,"name":"KozMinPr6N-Light-90ms-RKSJ-H"},{"featureValue":0.0,"name":"KozMinPr6N-Medium-90ms-RKSJ-H"},{"featureValue":0.0,"name":"KozMinPr6N-Regular-90ms-RKSJ-H"},{"featureValue":0.0,"name":"KozMinPro-Bold-90ms-RKSJ-H"},{"featureValue":0.0,"name":"KozMinPro-ExtraLight-90ms-RKSJ-H"},{"featureValue":0.0,"name":"KozMinPro-Heavy-90ms-RKSJ-H"},{"featureValue":0.0,"name":"KozMinPro-Light-90ms-RKSJ-H"},{"featureValue":0.0,"name":"KozMinPro-Medium-90ms-RKSJ-H"},{"featureValue":0.0,"name":"KozMinPro-Regular-90ms-RKSJ-H"},{"featureValue":0.0,"name":"LeelawadeeUI"},{"featureValue":0.0,"name":"LeelawadeeUI-Bold"},{"featureValue":0.0,"name":"LeelawadeeUI-Semilight"},{"featureValue":8.0,"name":"LetterGothicStd"},{"featureValue":8.0,"name":"LetterGothicStd-Bold"},{"featureValue":8.0,"name":"LetterGothicStd-BoldSlanted"},{"featureValue":8.0,"name":"LetterGothicStd-Slanted"},{"featureValue":8.0,"name":"LiberationMono"},{"featureValue":8.0,"name":"LiberationMono-Bold"},{"featureValue":8.0,"name":"LiberationMono-BoldItalic"},{"featureValue":8.0,"name":"LiberationMono-Italic"},{"featureValue":16.0,"name":"LiberationSans"},{"featureValue":16.0,"name":"LiberationSans-Bold"},{"featureValue":16.0,"name":"LiberationSans-BoldItalic"},{"featureValue":16.0,"name":"LiberationSans-Italic"},{"featureValue":16.0,"name":"LiberationSansNarrow"},{"featureValue":0.0,"name":"LiberationSansNarrow-Bold"},{"featureValue":16.0,"name":"LiberationSansNarrow-BoldItalic"},{"featureValue":16.0,"name":"LiberationSansNarrow-Italic"},{"featureValue":64.0,"name":"LiberationSerif"},{"featureValue":64.0,"name":"LiberationSerif-Bold"},{"featureValue":64.0,"name":"LiberationSerif-BoldItalic"},{"featureValue":64.0,"name":"LiberationSerif-Italic"},{"featureValue":0.0,"name":"LinuxBiolinumG"},{"featureValue":0.0,"name":"LinuxBiolinumGB"},{"featureValue":0.0,"name":"LinuxBiolinumGI"},{"featureValue":64.0,"name":"LinuxLibertineDG"},{"featureValue":64.0,"name":"LinuxLibertineG"},{"featureValue":64.0,"name":"LinuxLibertineGB"},{"featureValue":64.0,"name":"LinuxLibertineGBI"},{"featureValue":64.0,"name":"LinuxLibertineGI"},{"featureValue":64.0,"name":"LinuxLibertineGZ"},{"featureValue":64.0,"name":"LinuxLibertineGZI"},{"featureValue":16.0,"name":"LithosPro-Black"},{"featureValue":16.0,"name":"LithosPro-Regular"},{"featureValue":8.0,"name":"LucidaConsole"},{"featureValue":16.0,"name":"LucidaSansUnicode"},{"featureValue":0.0,"name":"MS-Gothic"},{"featureValue":0.0,"name":"MS-PGothic"},{"featureValue":0.0,"name":"MS-UIGothic"},{"featureValue":4.0,"name":"MVBoli"},{"featureValue":0.0,"name":"MalgunGothic"},{"featureValue":0.0,"name":"MalgunGothic-Semilight"},{"featureValue":0.0,"name":"MalgunGothicBold"},{"featureValue":2.0,"name":"Marlett"},{"featureValue":2.0,"name":"MesquiteStd"},{"featureValue":64.0,"name":"Microsoft-Himalaya"},{"featureValue":16.0,"name":"Microsoft-Yi-Baiti"},{"featureValue":0.0,"name":"MicrosoftJhengHeiBold"},{"featureValue":0.0,"name":"MicrosoftJhengHeiLight"},{"featureValue":0.0,"name":"MicrosoftJhengHeiRegular"},{"featureValue":0.0,"name":"MicrosoftJhengHeiUIBold"},{"featureValue":0.0,"name":"MicrosoftJhengHeiUILight"},{"featureValue":0.0,"name":"MicrosoftJhengHeiUIRegular"},{"featureValue":16.0,"name":"MicrosoftNewTaiLue"},{"featureValue":0.0,"name":"MicrosoftNewTaiLue-Bold"},{"featureValue":16.0,"name":"MicrosoftPhagsPa"},{"featureValue":0.0,"name":"MicrosoftPhagsPa-Bold"},{"featureValue":16.0,"name":"MicrosoftSansSerif"},{"featureValue":16.0,"name":"MicrosoftTaiLe"},{"featureValue":16.0,"name":"MicrosoftTaiLe-Bold"},{"featureValue":0.0,"name":"MicrosoftYaHei"},{"featureValue":0.0,"name":"MicrosoftYaHei-Bold"},{"featureValue":0.0,"name":"MicrosoftYaHeiLight"},{"featureValue":0.0,"name":"MicrosoftYaHeiUI"},{"featureValue":0.0,"name":"MicrosoftYaHeiUI-Bold"},{"featureValue":0.0,"name":"MicrosoftYaHeiUILight"},{"featureValue":0.0,"name":"Ming-Lt-HKSCS-ExtB"},{"featureValue":0.0,"name":"MingLiU-ExtB"},{"featureValue":64.0,"name":"MinionPro-Bold"},{"featureValue":64.0,"name":"MinionPro-BoldCn"},{"featureValue":64.0,"name":"MinionPro-BoldCnIt"},{"featureValue":64.0,"name":"MinionPro-BoldIt"},{"featureValue":64.0,"name":"MinionPro-It"},{"featureValue":64.0,"name":"MinionPro-Medium"},{"featureValue":64.0,"name":"MinionPro-MediumIt"},{"featureValue":64.0,"name":"MinionPro-Regular"},{"featureValue":64.0,"name":"MinionPro-Semibold"},{"featureValue":64.0,"name":"MinionPro-SemiboldIt"},{"featureValue":0.0,"name":"MiriamCLM-Bold"},{"featureValue":0.0,"name":"MiriamCLM-Book"},{"featureValue":0.0,"name":"MiriamLibre-Bold"},{"featureValue":0.0,"name":"MiriamLibre-Regular"},{"featureValue":0.0,"name":"MiriamMonoCLM-Bold"},{"featureValue":0.0,"name":"MiriamMonoCLM-BoldOblique"},{"featureValue":0.0,"name":"MiriamMonoCLM-Book"},{"featureValue":0.0,"name":"MiriamMonoCLM-BookOblique"},{"featureValue":64.0,"name":"MongolianBaiti"},{"featureValue":0.0,"name":"MyanmarText"},{"featureValue":0.0,"name":"MyanmarText-Bold"},{"featureValue":0.0,"name":"MyriadArabic-Bold"},{"featureValue":0.0,"name":"MyriadArabic-BoldIt"},{"featureValue":0.0,"name":"MyriadArabic-It"},{"featureValue":0.0,"name":"MyriadArabic-Regular"},{"featureValue":0.0,"name":"MyriadHebrew-Bold"},{"featureValue":0.0,"name":"MyriadHebrew-BoldIt"},{"featureValue":0.0,"name":"MyriadHebrew-It"},{"featureValue":0.0,"name":"MyriadHebrew-Regular"},{"featureValue":16.0,"name":"MyriadPro-Bold"},{"featureValue":16.0,"name":"MyriadPro-BoldCond"},{"featureValue":16.0,"name":"MyriadPro-BoldCondIt"},{"featureValue":16.0,"name":"MyriadPro-BoldIt"},{"featureValue":16.0,"name":"MyriadPro-Cond"},{"featureValue":16.0,"name":"MyriadPro-CondIt"},{"featureValue":16.0,"name":"MyriadPro-It"},{"featureValue":16.0,"name":"MyriadPro-Regular"},{"featureValue":16.0,"name":"MyriadPro-Semibold"},{"featureValue":16.0,"name":"MyriadPro-SemiboldIt"},{"featureValue":0.0,"name":"NSimSun"},{"featureValue":0.0,"name":"NachlieliCLM-Bold"},{"featureValue":0.0,"name":"NachlieliCLM-BoldOblique"},{"featureValue":0.0,"name":"NachlieliCLM-Light"},{"featureValue":0.0,"name":"NachlieliCLM-LightOblique"},{"featureValue":0.0,"name":"NirmalaUI"},{"featureValue":0.0,"name":"NirmalaUI-Bold"},{"featureValue":0.0,"name":"NirmalaUI-Semilight"},{"featureValue":0.0,"name":"NotoKufiArabic"},{"featureValue":0.0,"name":"NotoKufiArabic-Bold"},{"featureValue":8.0,"name":"NotoMono"},{"featureValue":0.0,"name":"NotoNaskhArabic"},{"featureValue":0.0,"name":"NotoNaskhArabic-Bold"},{"featureValue":0.0,"name":"NotoNaskhArabicUI"},{"featureValue":0.0,"name":"NotoNaskhArabicUI-Bold"},{"featureValue":16.0,"name":"NotoSans-Bold"},{"featureValue":16.0,"name":"NotoSans-BoldItalic"},{"featureValue":16.0,"name":"NotoSans-Condensed"},{"featureValue":16.0,"name":"NotoSans-CondensedBold"},{"featureValue":16.0,"name":"NotoSans-CondensedBoldItalic"},{"featureValue":16.0,"name":"NotoSans-CondensedItalic"},{"featureValue":16.0,"name":"NotoSans-Italic"},{"featureValue":16.0,"name":"NotoSans-Light"},{"featureValue":16.0,"name":"NotoSans-LightItalic"},{"featureValue":16.0,"name":"NotoSans-Regular"},{"featureValue":0.0,"name":"NotoSansArabic-Bold"},{"featureValue":0.0,"name":"NotoSansArabic-Regular"},{"featureValue":0.0,"name":"NotoSansArabicUI-Bold"},{"featureValue":0.0,"name":"NotoSansArabicUI-Regular"},{"featureValue":0.0,"name":"NotoSansArmenian-Bold"},{"featureValue":0.0,"name":"NotoSansArmenian-Regular"},{"featureValue":0.0,"name":"NotoSansGeorgian-Bold"},{"featureValue":0.0,"name":"NotoSansGeorgian-Regular"},{"featureValue":0.0,"name":"NotoSansHebrew-Bold"},{"featureValue":0.0,"name":"NotoSansHebrew-Regular"},{"featureValue":0.0,"name":"NotoSansLao-Bold"},{"featureValue":0.0,"name":"NotoSansLao-Regular"},{"featureValue":0.0,"name":"NotoSansLisu-Regular"},{"featureValue":64.0,"name":"NotoSerif-Bold"},{"featureValue":64.0,"name":"NotoSerif-BoldItalic"},{"featureValue":64.0,"name":"NotoSerif-Condensed"},{"featureValue":64.0,"name":"NotoSerif-CondensedBold"},{"featureValue":64.0,"name":"NotoSerif-CondensedBoldItalic"},{"featureValue":64.0,"name":"NotoSerif-CondensedItalic"},{"featureValue":64.0,"name":"NotoSerif-Italic"},{"featureValue":64.0,"name":"NotoSerif-Light"},{"featureValue":64.0,"name":"NotoSerif-LightItalic"},{"featureValue":64.0,"name":"NotoSerif-Regular"},{"featureValue":0.0,"name":"NotoSerifArmenian-Bold"},{"featureValue":0.0,"name":"NotoSerifArmenian-Regular"},{"featureValue":0.0,"name":"NotoSerifGeorgian-Bold"},{"featureValue":0.0,"name":"NotoSerifGeorgian-Regular"},{"featureValue":0.0,"name":"NotoSerifHebrew-Bold"},{"featureValue":0.0,"name":"NotoSerifHebrew-Regular"},{"featureValue":0.0,"name":"NotoSerifLao-Bold"},{"featureValue":0.0,"name":"NotoSerifLao-Regular"},{"featureValue":64.0,"name":"NuevaStd-Bold"},{"featureValue":64.0,"name":"NuevaStd-BoldCond"},{"featureValue":64.0,"name":"NuevaStd-BoldCondItalic"},{"featureValue":64.0,"name":"NuevaStd-Cond"},{"featureValue":64.0,"name":"NuevaStd-CondItalic"},{"featureValue":64.0,"name":"NuevaStd-Italic"},{"featureValue":8.0,"name":"OCRAStd"},{"featureValue":8.0,"name":"OratorStd"},{"featureValue":8.0,"name":"OratorStd-Slanted"},{"featureValue":0.0,"name":"PMingLiU-ExtB"},{"featureValue":64.0,"name":"PalatinoLinotype-Bold"},{"featureValue":64.0,"name":"PalatinoLinotype-BoldItalic"},{"featureValue":64.0,"name":"PalatinoLinotype-Italic"},{"featureValue":64.0,"name":"PalatinoLinotype-Roman"},{"featureValue":16.0,"name":"PoplarStd"},{"featureValue":8.0,"name":"PrestigeEliteStd-Bd"},{"featureValue":0.0,"name":"ReemKufi-Regular"},{"featureValue":128.0,"name":"RosewoodStd-Regular"},{"featureValue":0.0,"name":"Rubik-Bold"},{"featureValue":0.0,"name":"Rubik-BoldItalic"},{"featureValue":0.0,"name":"Rubik-Italic"},{"featureValue":0.0,"name":"Rubik-Regular"},{"featureValue":0.0,"name":"Scheherazade-Bold"},{"featureValue":0.0,"name":"Scheherazade-Regular"},{"featureValue":0.0,"name":"SegoeMDL2Assets"},{"featureValue":4.0,"name":"SegoePrint"},{"featureValue":4.0,"name":"SegoePrint-Bold"},{"featureValue":4.0,"name":"SegoeScript"},{"featureValue":36.0,"name":"SegoeScript-Bold"},{"featureValue":16.0,"name":"SegoeUI"},{"featureValue":0.0,"name":"SegoeUI-Bold"},{"featureValue":0.0,"name":"SegoeUI-BoldItalic"},{"featureValue":0.0,"name":"SegoeUI-Italic"},{"featureValue":16.0,"name":"SegoeUI-Light"},{"featureValue":0.0,"name":"SegoeUI-LightItalic"},{"featureValue":16.0,"name":"SegoeUI-Semibold"},{"featureValue":0.0,"name":"SegoeUI-SemiboldItalic"},{"featureValue":16.0,"name":"SegoeUI-Semilight"},{"featureValue":0.0,"name":"SegoeUI-SemilightItalic"},{"featureValue":0.0,"name":"SegoeUIBlack"},{"featureValue":0.0,"name":"SegoeUIBlack-Italic"},{"featureValue":16.0,"name":"SegoeUIHistoric"},{"featureValue":16.0,"name":"SegoeUISymbol"},{"featureValue":0.0,"name":"SimSun"},{"featureValue":0.0,"name":"SimSun-ExtB"},{"featureValue":64.0,"name":"SitkaBanner"},{"featureValue":64.0,"name":"SitkaBanner-Bold"},{"featureValue":64.0,"name":"SitkaBanner-BoldItalic"},{"featureValue":64.0,"name":"SitkaBanner-Italic"},{"featureValue":64.0,"name":"SitkaDisplay"},{"featureValue":64.0,"name":"SitkaDisplay-Bold"},{"featureValue":64.0,"name":"SitkaDisplay-BoldItalic"},{"featureValue":64.0,"name":"SitkaDisplay-Italic"},{"featureValue":64.0,"name":"SitkaHeading"},{"featureValue":64.0,"name":"SitkaHeading-Bold"},{"featureValue":64.0,"name":"SitkaHeading-BoldItalic"},{"featureValue":64.0,"name":"SitkaHeading-Italic"},{"featureValue":64.0,"name":"SitkaSmall"},{"featureValue":64.0,"name":"SitkaSmall-Bold"},{"featureValue":64.0,"name":"SitkaSmall-BoldItalic"},{"featureValue":64.0,"name":"SitkaSmall-Italic"},{"featureValue":64.0,"name":"SitkaSubheading"},{"featureValue":64.0,"name":"SitkaSubheading-Bold"},{"featureValue":64.0,"name":"SitkaSubheading-BoldItalic"},{"featureValue":64.0,"name":"SitkaSubheading-Italic"},{"featureValue":64.0,"name":"SitkaText"},{"featureValue":64.0,"name":"SitkaText-Bold"},{"featureValue":64.0,"name":"SitkaText-BoldItalic"},{"featureValue":64.0,"name":"SitkaText-Italic"},{"featureValue":16.0,"name":"SourceSansPro-Black"},{"featureValue":16.0,"name":"SourceSansPro-BlackIt"},{"featureValue":16.0,"name":"SourceSansPro-Bold"},{"featureValue":16.0,"name":"SourceSansPro-BoldIt"},{"featureValue":16.0,"name":"SourceSansPro-ExtraLight"},{"featureValue":16.0,"name":"SourceSansPro-ExtraLightIt"},{"featureValue":16.0,"name":"SourceSansPro-It"},{"featureValue":16.0,"name":"SourceSansPro-Light"},{"featureValue":16.0,"name":"SourceSansPro-LightIt"},{"featureValue":16.0,"name":"SourceSansPro-Regular"},{"featureValue":16.0,"name":"SourceSansPro-Semibold"},{"featureValue":16.0,"name":"SourceSansPro-SemiboldIt"},{"featureValue":64.0,"name":"SourceSerifPro-Black"},{"featureValue":64.0,"name":"SourceSerifPro-BlackIt"},{"featureValue":64.0,"name":"SourceSerifPro-Bold"},{"featureValue":64.0,"name":"SourceSerifPro-BoldIt"},{"featureValue":64.0,"name":"SourceSerifPro-ExtraLight"},{"featureValue":64.0,"name":"SourceSerifPro-ExtraLightIt"},{"featureValue":64.0,"name":"SourceSerifPro-It"},{"featureValue":64.0,"name":"SourceSerifPro-Light"},{"featureValue":64.0,"name":"SourceSerifPro-LightIt"},{"featureValue":64.0,"name":"SourceSerifPro-Regular"},{"featureValue":64.0,"name":"SourceSerifPro-Semibold"},{"featureValue":64.0,"name":"SourceSerifPro-SemiboldIt"},{"featureValue":2.0,"name":"StencilStd"},{"featureValue":64.0,"name":"Sylfaen"},{"featureValue":2.0,"name":"SymbolMT"},{"featureValue":16.0,"name":"Tahoma"},{"featureValue":16.0,"name":"Tahoma-Bold"},{"featureValue":4.0,"name":"TektonPro-Bold"},{"featureValue":4.0,"name":"TektonPro-BoldCond"},{"featureValue":4.0,"name":"TektonPro-BoldExt"},{"featureValue":4.0,"name":"TektonPro-BoldObl"},{"featureValue":64.0,"name":"TimesNewRomanPS-BoldItalicMT"},{"featureValue":64.0,"name":"TimesNewRomanPS-BoldMT"},{"featureValue":64.0,"name":"TimesNewRomanPS-ItalicMT"},{"featureValue":64.0,"name":"TimesNewRomanPSMT"},{"featureValue":32.0,"name":"Tolkien"},{"featureValue":64.0,"name":"TrajanPro-Bold"},{"featureValue":64.0,"name":"TrajanPro-Regular"},{"featureValue":16.0,"name":"Trebuchet-BoldItalic"},{"featureValue":16.0,"name":"TrebuchetMS"},{"featureValue":16.0,"name":"TrebuchetMS-Bold"},{"featureValue":16.0,"name":"TrebuchetMS-Italic"},{"featureValue":16.0,"name":"Verdana"},{"featureValue":16.0,"name":"Verdana-Bold"},{"featureValue":16.0,"name":"Verdana-BoldItalic"},{"featureValue":16.0,"name":"Verdana-Italic"},{"featureValue":0.0,"name":"WarHeliosCondCBold"},{"featureValue":2.0,"name":"Webdings"},{"featureValue":2.0,"name":"Wingdings-Regular"},{"featureValue":0.0,"name":"WoWsSymbol"},{"featureValue":0.0,"name":"YuGothic-Bold"},{"featureValue":0.0,"name":"YuGothic-Light"},{"featureValue":0.0,"name":"YuGothic-Medium"},{"featureValue":0.0,"name":"YuGothic-Regular"},{"featureValue":0.0,"name":"YuGothicUI-Bold"},{"featureValue":0.0,"name":"YuGothicUI-Light"},{"featureValue":0.0,"name":"YuGothicUI-Regular"},{"featureValue":0.0,"name":"YuGothicUI-Semibold"},{"featureValue":0.0,"name":"YuGothicUI-Semilight"}]