[{"appSpecificKey":{"artboardLayout":0.0,"artboardRowsOrCols":1.0,"artboardSpacing":20.0,"bleedOffset":[0.0,0.0,0.0,0.0],"customFile":"","documentType":1.0,"gridColor1":[65535.0,65535.0,65535.0],"gridColor2":[52428.0,52428.0,52428.0],"height":792.0,"isATPG":"false","isArtboardLayoutLeftToRight":"true","lockBleed":true,"mode":"CMYK","numArtboards":1.0,"pixelAspectRatio":1.0,"ppi":72.0,"previewMode":2.0,"rasterEffectSettings":300.0,"settingsFile":"C:\\Users\\York\\AppData\\Roaming\\Adobe\\Adobe Illustrator 25 Settings\\en_US\\x64\\New Document Profiles\\Print.ai","transparencyGrid":false,"width":612.0},"artboardSpacing":20.0,"description":"612 x 792 pt","height":792.0,"id":"","isPreset":"true","mime_type":"image/illustrator","mode":"CMYK","numArtboards":1.0,"presetSource":"print","previews":[],"price_prompt":"","resolution":72.0,"size":0.0,"template_category":"print","thumbnail_url":"SP_PrintDoc.png","tip":"Start a new Letter document - 612 x 792 pt","title":"Letter","units":"pointsUnit","width":612.0},{"appSpecificKey":{"artboardLayout":0.0,"artboardRowsOrCols":1.0,"artboardSpacing":20.0,"bleedOffset":[0.0,0.0,0.0,0.0],"customFile":"","documentType":1.0,"gridColor1":[65535.0,65535.0,65535.0],"gridColor2":[52428.0,52428.0,52428.0],"height":792.0,"isATPG":"false","isArtboardLayoutLeftToRight":"true","lockBleed":true,"mode":"CMYK","numArtboards":1.0,"pixelAspectRatio":1.0,"ppi":72.0,"previewMode":2.0,"rasterEffectSettings":300.0,"settingsFile":"C:\\Users\\York\\AppData\\Roaming\\Adobe\\Adobe Illustrator 25 Settings\\en_US\\x64\\New Document Profiles\\Print.ai","transparencyGrid":false,"width":612.0},"artboardSpacing":20.0,"description":"595.28 x 841.89 pt","height":841.8898315429688,"id":"","isPreset":"true","mime_type":"image/illustrator","mode":"CMYK","numArtboards":1.0,"presetSource":"print","previews":[],"price_prompt":"","resolution":72.0,"size":0.0,"template_category":"print","thumbnail_url":"SP_PrintDoc.png","tip":"Start a new A4 document - 595.28 x 841.89 pt","title":"A4","units":"pointsUnit","width":595.2755737304688},{"appSpecificKey":{"artboardLayout":0.0,"artboardRowsOrCols":1.0,"artboardSpacing":20.0,"bleedOffset":[0.0,0.0,0.0,0.0],"customFile":"","documentType":1.0,"gridColor1":[65535.0,65535.0,65535.0],"gridColor2":[52428.0,52428.0,52428.0],"height":792.0,"isATPG":"false","isArtboardLayoutLeftToRight":"true","lockBleed":true,"mode":"CMYK","numArtboards":1.0,"pixelAspectRatio":1.0,"ppi":72.0,"previewMode":2.0,"rasterEffectSettings":36.0,"settingsFile":"C:\\Users\\York\\AppData\\Roaming\\Adobe\\Adobe Illustrator 25 Settings\\en_US\\x64\\New Document Profiles\\Print.ai","transparencyGrid":false,"width":612.0},"artboardSpacing":20.0,"description":"19008 x 8640 pt","height":8640.0,"id":"","isPreset":"true","mime_type":"image/illustrator","mode":"CMYK","numArtboards":1.0,"presetSource":"print","previews":[],"price_prompt":"","resolution":72.0,"size":0.0,"template_category":"print","thumbnail_url":"SP_PrintDoc.png","tip":"Start a new Print-Large document - 19008 x 8640 pt","title":"Print-Large","units":"pointsUnit","width":19008.0},{"appSpecificKey":{"artboardLayout":0.0,"artboardRowsOrCols":1.0,"artboardSpacing":20.0,"bleedOffset":[0.0,0.0,0.0,0.0],"customFile":"","documentType":1.0,"gridColor1":[65535.0,65535.0,65535.0],"gridColor2":[52428.0,52428.0,52428.0],"height":792.0,"isATPG":"false","isArtboardLayoutLeftToRight":"true","lockBleed":true,"mode":"CMYK","numArtboards":1.0,"pixelAspectRatio":1.0,"ppi":72.0,"previewMode":2.0,"rasterEffectSettings":300.0,"settingsFile":"C:\\Users\\York\\AppData\\Roaming\\Adobe\\Adobe Illustrator 25 Settings\\en_US\\x64\\New Document Profiles\\Print.ai","transparencyGrid":false,"width":612.0},"artboardSpacing":20.0,"description":"612 x 1008 pt","height":1008.0,"id":"","isPreset":"true","mime_type":"image/illustrator","mode":"CMYK","numArtboards":1.0,"presetSource":"print","previews":[],"price_prompt":"","resolution":72.0,"size":0.0,"template_category":"print","thumbnail_url":"SP_PrintDoc.png","tip":"Start a new Legal document - 612 x 1008 pt","title":"Legal","units":"pointsUnit","width":612.0},{"appSpecificKey":{"artboardLayout":0.0,"artboardRowsOrCols":1.0,"artboardSpacing":20.0,"bleedOffset":[0.0,0.0,0.0,0.0],"customFile":"","documentType":1.0,"gridColor1":[65535.0,65535.0,65535.0],"gridColor2":[52428.0,52428.0,52428.0],"height":792.0,"isATPG":"false","isArtboardLayoutLeftToRight":"true","lockBleed":true,"mode":"CMYK","numArtboards":1.0,"pixelAspectRatio":1.0,"ppi":72.0,"previewMode":2.0,"rasterEffectSettings":300.0,"settingsFile":"C:\\Users\\York\\AppData\\Roaming\\Adobe\\Adobe Illustrator 25 Settings\\en_US\\x64\\New Document Profiles\\Print.ai","transparencyGrid":false,"width":612.0},"artboardSpacing":20.0,"description":"792 x 1224 pt","height":1224.0,"id":"","isPreset":"true","mime_type":"image/illustrator","mode":"CMYK","numArtboards":1.0,"presetSource":"print","previews":[],"price_prompt":"","resolution":72.0,"size":0.0,"template_category":"print","thumbnail_url":"SP_PrintDoc.png","tip":"Start a new Tabloid document - 792 x 1224 pt","title":"Tabloid","units":"pointsUnit","width":792.0},{"appSpecificKey":{"artboardLayout":0.0,"artboardRowsOrCols":1.0,"artboardSpacing":20.0,"bleedOffset":[0.0,0.0,0.0,0.0],"customFile":"","documentType":1.0,"gridColor1":[65535.0,65535.0,65535.0],"gridColor2":[52428.0,52428.0,52428.0],"height":792.0,"isATPG":"false","isArtboardLayoutLeftToRight":"true","lockBleed":true,"mode":"CMYK","numArtboards":1.0,"pixelAspectRatio":1.0,"ppi":72.0,"previewMode":2.0,"rasterEffectSettings":300.0,"settingsFile":"C:\\Users\\York\\AppData\\Roaming\\Adobe\\Adobe Illustrator 25 Settings\\en_US\\x64\\New Document Profiles\\Print.ai","transparencyGrid":false,"width":612.0},"artboardSpacing":20.0,"description":"841.89 x 1190.55 pt","height":1190.5511474609376,"id":"","isPreset":"true","mime_type":"image/illustrator","mode":"CMYK","numArtboards":1.0,"presetSource":"print","previews":[],"price_prompt":"","resolution":72.0,"size":0.0,"template_category":"print","thumbnail_url":"SP_PrintDoc.png","tip":"Start a new A3 document - 841.89 x 1190.55 pt","title":"A3","units":"pointsUnit","width":841.8898315429688},{"appSpecificKey":{"artboardLayout":0.0,"artboardRowsOrCols":1.0,"artboardSpacing":20.0,"bleedOffset":[0.0,0.0,0.0,0.0],"customFile":"","documentType":1.0,"gridColor1":[65535.0,65535.0,65535.0],"gridColor2":[52428.0,52428.0,52428.0],"height":792.0,"isATPG":"false","isArtboardLayoutLeftToRight":"true","lockBleed":true,"mode":"CMYK","numArtboards":1.0,"pixelAspectRatio":1.0,"ppi":72.0,"previewMode":2.0,"rasterEffectSettings":300.0,"settingsFile":"C:\\Users\\York\\AppData\\Roaming\\Adobe\\Adobe Illustrator 25 Settings\\en_US\\x64\\New Document Profiles\\Print.ai","transparencyGrid":false,"width":612.0},"artboardSpacing":20.0,"description":"728.5 x 1031.81 pt","height":1031.81103515625,"id":"","isPreset":"true","mime_type":"image/illustrator","mode":"CMYK","numArtboards":1.0,"presetSource":"print","previews":[],"price_prompt":"","resolution":72.0,"size":0.0,"template_category":"print","thumbnail_url":"SP_PrintDoc.png","tip":"Start a new B4 document - 728.5 x 1031.81 pt","title":"B4","units":"pointsUnit","width":728.5039672851563},{"appSpecificKey":{"artboardLayout":0.0,"artboardRowsOrCols":1.0,"artboardSpacing":20.0,"bleedOffset":[0.0,0.0,0.0,0.0],"customFile":"","documentType":1.0,"gridColor1":[65535.0,65535.0,65535.0],"gridColor2":[52428.0,52428.0,52428.0],"height":792.0,"isATPG":"false","isArtboardLayoutLeftToRight":"true","lockBleed":true,"mode":"CMYK","numArtboards":1.0,"pixelAspectRatio":1.0,"ppi":72.0,"previewMode":2.0,"rasterEffectSettings":300.0,"settingsFile":"C:\\Users\\York\\AppData\\Roaming\\Adobe\\Adobe Illustrator 25 Settings\\en_US\\x64\\New Document Profiles\\Print.ai","transparencyGrid":false,"width":612.0},"artboardSpacing":20.0,"description":"498.9 x 708.66 pt","height":708.6614379882813,"id":"","isPreset":"true","mime_type":"image/illustrator","mode":"CMYK","numArtboards":1.0,"presetSource":"print","previews":[],"price_prompt":"","resolution":72.0,"size":0.0,"template_category":"print","thumbnail_url":"SP_PrintDoc.png","tip":"Start a new B5 document - 498.9 x 708.66 pt","title":"B5","units":"pointsUnit","width":498.89764404296877},{"appSpecificKey":{"artboardLayout":0.0,"artboardRowsOrCols":1.0,"artboardSpacing":20.0,"bleedOffset":[0.0,0.0,0.0,0.0],"customFile":"","documentType":2.0,"gridColor1":[65535.0,65535.0,65535.0],"gridColor2":[52428.0,52428.0,52428.0],"height":560.0,"isATPG":"false","isArtboardLayoutLeftToRight":"true","lockBleed":true,"mode":"RGB","numArtboards":1.0,"pixelAspectRatio":1.0,"ppi":72.0,"previewMode":2.0,"rasterEffectSettings":72.0,"settingsFile":"C:\\Users\\York\\AppData\\Roaming\\Adobe\\Adobe Illustrator 25 Settings\\en_US\\x64\\New Document Profiles\\Web.ai","transparencyGrid":false,"width":960.0},"artboardSpacing":20.0,"description":"1366 x 768 px","height":768.0,"id":"","isPreset":"true","mime_type":"image/illustrator","mode":"RGB","numArtboards":1.0,"presetSource":"web","previews":[],"price_prompt":"","resolution":72.0,"size":0.0,"template_category":"web","thumbnail_url":"SP_PresetWebDoc.png","tip":"Start a new Common document - 1366 x 768 px","title":"Common","units":"pixelsUnit","width":1366.0},{"appSpecificKey":{"artboardLayout":0.0,"artboardRowsOrCols":1.0,"artboardSpacing":20.0,"bleedOffset":[0.0,0.0,0.0,0.0],"customFile":"","documentType":2.0,"gridColor1":[65535.0,65535.0,65535.0],"gridColor2":[52428.0,52428.0,52428.0],"height":560.0,"isATPG":"false","isArtboardLayoutLeftToRight":"true","lockBleed":true,"mode":"RGB","numArtboards":1.0,"pixelAspectRatio":1.0,"ppi":72.0,"previewMode":2.0,"rasterEffectSettings":72.0,"settingsFile":"C:\\Users\\York\\AppData\\Roaming\\Adobe\\Adobe Illustrator 25 Settings\\en_US\\x64\\New Document Profiles\\Web.ai","transparencyGrid":false,"width":960.0},"artboardSpacing":20.0,"description":"1920 x 1080 px","height":1080.0,"id":"","isPreset":"true","mime_type":"image/illustrator","mode":"RGB","numArtboards":1.0,"presetSource":"web","previews":[],"price_prompt":"","resolution":72.0,"size":0.0,"template_category":"web","thumbnail_url":"SP_PresetWebDoc.png","tip":"Start a new Web-Large document - 1920 x 1080 px","title":"Web-Large","units":"pixelsUnit","width":1920.0},{"appSpecificKey":{"artboardLayout":0.0,"artboardRowsOrCols":1.0,"artboardSpacing":20.0,"bleedOffset":[0.0,0.0,0.0,0.0],"customFile":"","documentType":2.0,"gridColor1":[65535.0,65535.0,65535.0],"gridColor2":[52428.0,52428.0,52428.0],"height":560.0,"isATPG":"false","isArtboardLayoutLeftToRight":"true","lockBleed":true,"mode":"RGB","numArtboards":1.0,"pixelAspectRatio":1.0,"ppi":72.0,"previewMode":2.0,"rasterEffectSettings":72.0,"settingsFile":"C:\\Users\\York\\AppData\\Roaming\\Adobe\\Adobe Illustrator 25 Settings\\en_US\\x64\\New Document Profiles\\Web.ai","transparencyGrid":false,"width":960.0},"artboardSpacing":20.0,"description":"1280 x 1024 px","height":1024.0,"id":"","isPreset":"true","mime_type":"image/illustrator","mode":"RGB","numArtboards":1.0,"presetSource":"web","previews":[],"price_prompt":"","resolution":72.0,"size":0.0,"template_category":"web","thumbnail_url":"SP_PresetWebDoc.png","tip":"Start a new Web document - 1280 x 1024 px","title":"Web","units":"pixelsUnit","width":1280.0},{"appSpecificKey":{"artboardLayout":0.0,"artboardRowsOrCols":1.0,"artboardSpacing":20.0,"bleedOffset":[0.0,0.0,0.0,0.0],"customFile":"","documentType":2.0,"gridColor1":[65535.0,65535.0,65535.0],"gridColor2":[52428.0,52428.0,52428.0],"height":560.0,"isATPG":"false","isArtboardLayoutLeftToRight":"true","lockBleed":true,"mode":"RGB","numArtboards":1.0,"pixelAspectRatio":1.0,"ppi":72.0,"previewMode":2.0,"rasterEffectSettings":72.0,"settingsFile":"C:\\Users\\York\\AppData\\Roaming\\Adobe\\Adobe Illustrator 25 Settings\\en_US\\x64\\New Document Profiles\\Web.ai","transparencyGrid":false,"width":960.0},"artboardSpacing":20.0,"description":"1024 x 768 px","height":768.0,"id":"","isPreset":"true","mime_type":"image/illustrator","mode":"RGB","numArtboards":1.0,"presetSource":"web","previews":[],"price_prompt":"","resolution":72.0,"size":0.0,"template_category":"web","thumbnail_url":"SP_PresetWebDoc.png","tip":"Start a new Minimum document - 1024 x 768 px","title":"Minimum","units":"pixelsUnit","width":1024.0},{"appSpecificKey":{"artboardLayout":0.0,"artboardRowsOrCols":1.0,"artboardSpacing":20.0,"bleedOffset":[0.0,0.0,0.0,0.0],"customFile":"","documentType":2.0,"gridColor1":[65535.0,65535.0,65535.0],"gridColor2":[52428.0,52428.0,52428.0],"height":560.0,"isATPG":"false","isArtboardLayoutLeftToRight":"true","lockBleed":true,"mode":"RGB","numArtboards":1.0,"pixelAspectRatio":1.0,"ppi":72.0,"previewMode":2.0,"rasterEffectSettings":72.0,"settingsFile":"C:\\Users\\York\\AppData\\Roaming\\Adobe\\Adobe Illustrator 25 Settings\\en_US\\x64\\New Document Profiles\\Web.ai","transparencyGrid":false,"width":960.0},"artboardSpacing":20.0,"description":"1280 x 800 px","height":800.0,"id":"","isPreset":"true","mime_type":"image/illustrator","mode":"RGB","numArtboards":1.0,"presetSource":"web","previews":[],"price_prompt":"","resolution":72.0,"size":0.0,"template_category":"web","thumbnail_url":"SP_PresetWebDoc.png","tip":"Start a new 1280 X 800 document - 1280 x 800 px","title":"1280 X 800","units":"pixelsUnit","width":1280.0},{"appSpecificKey":{"artboardLayout":0.0,"artboardRowsOrCols":1.0,"artboardSpacing":20.0,"bleedOffset":[0.0,0.0,0.0,0.0],"customFile":"","documentType":2.0,"gridColor1":[65535.0,65535.0,65535.0],"gridColor2":[52428.0,52428.0,52428.0],"height":560.0,"isATPG":"false","isArtboardLayoutLeftToRight":"true","lockBleed":true,"mode":"RGB","numArtboards":1.0,"pixelAspectRatio":1.0,"ppi":72.0,"previewMode":2.0,"rasterEffectSettings":72.0,"settingsFile":"C:\\Users\\York\\AppData\\Roaming\\Adobe\\Adobe Illustrator 25 Settings\\en_US\\x64\\New Document Profiles\\Web.ai","transparencyGrid":false,"width":960.0},"artboardSpacing":20.0,"description":"1440 x 900 px","height":900.0,"id":"","isPreset":"true","mime_type":"image/illustrator","mode":"RGB","numArtboards":1.0,"presetSource":"web","previews":[],"price_prompt":"","resolution":72.0,"size":0.0,"template_category":"web","thumbnail_url":"SP_PresetWebDoc.png","tip":"Start a new 1440 X 900 document - 1440 x 900 px","title":"1440 X 900","units":"pixelsUnit","width":1440.0},{"appSpecificKey":{"artboardLayout":0.0,"artboardRowsOrCols":1.0,"artboardSpacing":20.0,"bleedOffset":[0.0,0.0,0.0,0.0],"customFile":"","documentType":2.0,"gridColor1":[65535.0,65535.0,65535.0],"gridColor2":[52428.0,52428.0,52428.0],"height":560.0,"isATPG":"false","isArtboardLayoutLeftToRight":"true","lockBleed":true,"mode":"RGB","numArtboards":1.0,"pixelAspectRatio":1.0,"ppi":72.0,"previewMode":2.0,"rasterEffectSettings":72.0,"settingsFile":"C:\\Users\\York\\AppData\\Roaming\\Adobe\\Adobe Illustrator 25 Settings\\en_US\\x64\\New Document Profiles\\Web.ai","transparencyGrid":false,"width":960.0},"artboardSpacing":20.0,"description":"2560 x 1600 px","height":1600.0,"id":"","isPreset":"true","mime_type":"image/illustrator","mode":"RGB","numArtboards":1.0,"presetSource":"web","previews":[],"price_prompt":"","resolution":72.0,"size":0.0,"template_category":"web","thumbnail_url":"SP_PresetWebDoc.png","tip":"Start a new MacBook Pro 13 Retina document - 2560 x 1600 px","title":"MacBook Pro 13 Retina","units":"pixelsUnit","width":2560.0},{"appSpecificKey":{"artboardLayout":0.0,"artboardRowsOrCols":1.0,"artboardSpacing":20.0,"bleedOffset":[0.0,0.0,0.0,0.0],"customFile":"","documentType":2.0,"gridColor1":[65535.0,65535.0,65535.0],"gridColor2":[52428.0,52428.0,52428.0],"height":560.0,"isATPG":"false","isArtboardLayoutLeftToRight":"true","lockBleed":true,"mode":"RGB","numArtboards":1.0,"pixelAspectRatio":1.0,"ppi":72.0,"previewMode":2.0,"rasterEffectSettings":72.0,"settingsFile":"C:\\Users\\York\\AppData\\Roaming\\Adobe\\Adobe Illustrator 25 Settings\\en_US\\x64\\New Document Profiles\\Web.ai","transparencyGrid":false,"width":960.0},"artboardSpacing":20.0,"description":"2880 x 1800 px","height":1800.0,"id":"","isPreset":"true","mime_type":"image/illustrator","mode":"RGB","numArtboards":1.0,"presetSource":"web","previews":[],"price_prompt":"","resolution":72.0,"size":0.0,"template_category":"web","thumbnail_url":"SP_PresetWebDoc.png","tip":"Start a new MacBook Pro 15 Retina document - 2880 x 1800 px","title":"MacBook Pro 15 Retina","units":"pixelsUnit","width":2880.0},{"appSpecificKey":{"artboardLayout":0.0,"artboardRowsOrCols":1.0,"artboardSpacing":20.0,"bleedOffset":[0.0,0.0,0.0,0.0],"customFile":"","documentType":2.0,"gridColor1":[65535.0,65535.0,65535.0],"gridColor2":[52428.0,52428.0,52428.0],"height":560.0,"isATPG":"false","isArtboardLayoutLeftToRight":"true","lockBleed":true,"mode":"RGB","numArtboards":1.0,"pixelAspectRatio":1.0,"ppi":72.0,"previewMode":2.0,"rasterEffectSettings":72.0,"settingsFile":"C:\\Users\\York\\AppData\\Roaming\\Adobe\\Adobe Illustrator 25 Settings\\en_US\\x64\\New Document Profiles\\Web.ai","transparencyGrid":false,"width":960.0},"artboardSpacing":20.0,"description":"2560 x 1440 px","height":1440.0,"id":"","isPreset":"true","mime_type":"image/illustrator","mode":"RGB","numArtboards":1.0,"presetSource":"web","previews":[],"price_prompt":"","resolution":72.0,"size":0.0,"template_category":"web","thumbnail_url":"SP_PresetWebDoc.png","tip":"Start a new iMac 27 document - 2560 x 1440 px","title":"iMac 27","units":"pixelsUnit","width":2560.0},{"appSpecificKey":{"artboardLayout":0.0,"artboardRowsOrCols":1.0,"artboardSpacing":20.0,"bleedOffset":[0.0,0.0,0.0,0.0],"customFile":"","documentType":2.0,"gridColor1":[65535.0,65535.0,65535.0],"gridColor2":[52428.0,52428.0,52428.0],"height":560.0,"isATPG":"false","isArtboardLayoutLeftToRight":"true","lockBleed":true,"mode":"RGB","numArtboards":1.0,"pixelAspectRatio":1.0,"ppi":72.0,"previewMode":2.0,"rasterEffectSettings":72.0,"settingsFile":"C:\\Users\\York\\AppData\\Roaming\\Adobe\\Adobe Illustrator 25 Settings\\en_US\\x64\\New Document Profiles\\Web.ai","transparencyGrid":false,"width":960.0},"artboardSpacing":20.0,"description":"960 x 560 px","height":560.0,"id":"","isPreset":"true","mime_type":"image/illustrator","mode":"RGB","numArtboards":1.0,"presetSource":"web","previews":[],"price_prompt":"","resolution":72.0,"size":0.0,"template_category":"web","thumbnail_url":"SP_PresetWebDoc.png","tip":"Start a new 960 x 560 document - 960 x 560 px","title":"960 x 560","units":"pixelsUnit","width":960.0},{"appSpecificKey":{"artboardLayout":0.0,"artboardRowsOrCols":1.0,"artboardSpacing":20.0,"bleedOffset":[0.0,0.0,0.0,0.0],"customFile":"","documentType":2.0,"gridColor1":[65535.0,65535.0,65535.0],"gridColor2":[52428.0,52428.0,52428.0],"height":560.0,"isATPG":"false","isArtboardLayoutLeftToRight":"true","lockBleed":true,"mode":"RGB","numArtboards":1.0,"pixelAspectRatio":1.0,"ppi":72.0,"previewMode":2.0,"rasterEffectSettings":72.0,"settingsFile":"C:\\Users\\York\\AppData\\Roaming\\Adobe\\Adobe Illustrator 25 Settings\\en_US\\x64\\New Document Profiles\\Web.ai","transparencyGrid":false,"width":960.0},"artboardSpacing":20.0,"description":"800 x 600 px","height":600.0,"id":"","isPreset":"true","mime_type":"image/illustrator","mode":"RGB","numArtboards":1.0,"presetSource":"web","previews":[],"price_prompt":"","resolution":72.0,"size":0.0,"template_category":"web","thumbnail_url":"SP_PresetWebDoc.png","tip":"Start a new 800 x 600 document - 800 x 600 px","title":"800 x 600","units":"pixelsUnit","width":800.0},{"appSpecificKey":{"artboardLayout":0.0,"artboardRowsOrCols":1.0,"artboardSpacing":20.0,"bleedOffset":[0.0,0.0,0.0,0.0],"customFile":"","documentType":2.0,"gridColor1":[65535.0,65535.0,65535.0],"gridColor2":[52428.0,52428.0,52428.0],"height":560.0,"isATPG":"false","isArtboardLayoutLeftToRight":"true","lockBleed":true,"mode":"RGB","numArtboards":1.0,"pixelAspectRatio":1.0,"ppi":72.0,"previewMode":2.0,"rasterEffectSettings":72.0,"settingsFile":"C:\\Users\\York\\AppData\\Roaming\\Adobe\\Adobe Illustrator 25 Settings\\en_US\\x64\\New Document Profiles\\Web.ai","transparencyGrid":false,"width":960.0},"artboardSpacing":20.0,"description":"640 x 480 px","height":480.0,"id":"","isPreset":"true","mime_type":"image/illustrator","mode":"RGB","numArtboards":1.0,"presetSource":"web","previews":[],"price_prompt":"","resolution":72.0,"size":0.0,"template_category":"web","thumbnail_url":"SP_PresetWebDoc.png","tip":"Start a new 640 x 480 document - 640 x 480 px","title":"640 x 480","units":"pixelsUnit","width":640.0},{"appSpecificKey":{"artboardLayout":0.0,"artboardRowsOrCols":1.0,"artboardSpacing":20.0,"bleedOffset":[0.0,0.0,0.0,0.0],"customFile":"","documentType":3.0,"gridColor1":[39321.0,39321.0,39321.0],"gridColor2":[26214.0,26214.0,26214.0],"height":480.0,"isATPG":"false","isArtboardLayoutLeftToRight":"true","lockBleed":true,"mode":"RGB","numArtboards":1.0,"pixelAspectRatio":1.2121,"ppi":72.0,"previewMode":2.0,"rasterEffectSettings":72.0,"settingsFile":"C:\\Users\\York\\AppData\\Roaming\\Adobe\\Adobe Illustrator 25 Settings\\en_US\\x64\\New Document Profiles\\Film & Video.ai","transparencyGrid":true,"width":873.0},"artboardSpacing":20.0,"description":"1280 x 720 px","height":720.0,"id":"","isPreset":"true","mime_type":"image/illustrator","mode":"RGB","numArtboards":1.0,"presetSource":"film","previews":[],"price_prompt":"","resolution":72.0,"size":0.0,"template_category":"film","thumbnail_url":"SP_PresetFilmVideo.png","tip":"Start a new HDV 720 document - 1280 x 720 px","title":"HDV 720","units":"pixelsUnit","width":1280.0},{"appSpecificKey":{"artboardLayout":0.0,"artboardRowsOrCols":1.0,"artboardSpacing":20.0,"bleedOffset":[0.0,0.0,0.0,0.0],"customFile":"","documentType":3.0,"gridColor1":[39321.0,39321.0,39321.0],"gridColor2":[26214.0,26214.0,26214.0],"height":480.0,"isATPG":"false","isArtboardLayoutLeftToRight":"true","lockBleed":true,"mode":"RGB","numArtboards":1.0,"pixelAspectRatio":1.2121,"ppi":72.0,"previewMode":2.0,"rasterEffectSettings":72.0,"settingsFile":"C:\\Users\\York\\AppData\\Roaming\\Adobe\\Adobe Illustrator 25 Settings\\en_US\\x64\\New Document Profiles\\Film & Video.ai","transparencyGrid":true,"width":873.0},"artboardSpacing":20.0,"description":"1920 x 1080 px","height":1080.0,"id":"","isPreset":"true","mime_type":"image/illustrator","mode":"RGB","numArtboards":1.0,"presetSource":"film","previews":[],"price_prompt":"","resolution":72.0,"size":0.0,"template_category":"film","thumbnail_url":"SP_PresetFilmVideo.png","tip":"Start a new HDV/HDTV 1080 document - 1920 x 1080 px","title":"HDV/HDTV 1080","units":"pixelsUnit","width":1920.0},{"appSpecificKey":{"artboardLayout":0.0,"artboardRowsOrCols":1.0,"artboardSpacing":20.0,"bleedOffset":[0.0,0.0,0.0,0.0],"customFile":"","documentType":3.0,"gridColor1":[39321.0,39321.0,39321.0],"gridColor2":[26214.0,26214.0,26214.0],"height":480.0,"isATPG":"false","isArtboardLayoutLeftToRight":"true","lockBleed":true,"mode":"RGB","numArtboards":1.0,"pixelAspectRatio":1.2121,"ppi":72.0,"previewMode":2.0,"rasterEffectSettings":72.0,"settingsFile":"C:\\Users\\York\\AppData\\Roaming\\Adobe\\Adobe Illustrator 25 Settings\\en_US\\x64\\New Document Profiles\\Film & Video.ai","transparencyGrid":true,"width":873.0},"artboardSpacing":20.0,"description":"3840 x 2160 px","height":2160.0,"id":"","isPreset":"true","mime_type":"image/illustrator","mode":"RGB","numArtboards":1.0,"presetSource":"film","previews":[],"price_prompt":"","resolution":72.0,"size":0.0,"template_category":"film","thumbnail_url":"SP_PresetFilmVideo.png","tip":"Start a new 4K UHD document - 3840 x 2160 px","title":"4K UHD","units":"pixelsUnit","width":3840.0},{"appSpecificKey":{"artboardLayout":0.0,"artboardRowsOrCols":1.0,"artboardSpacing":20.0,"bleedOffset":[0.0,0.0,0.0,0.0],"customFile":"","documentType":3.0,"gridColor1":[39321.0,39321.0,39321.0],"gridColor2":[26214.0,26214.0,26214.0],"height":480.0,"isATPG":"false","isArtboardLayoutLeftToRight":"true","lockBleed":true,"mode":"RGB","numArtboards":1.0,"pixelAspectRatio":1.2121,"ppi":72.0,"previewMode":2.0,"rasterEffectSettings":72.0,"settingsFile":"C:\\Users\\York\\AppData\\Roaming\\Adobe\\Adobe Illustrator 25 Settings\\en_US\\x64\\New Document Profiles\\Film & Video.ai","transparencyGrid":true,"width":873.0},"artboardSpacing":20.0,"description":"7680 x 4320 px","height":4320.0,"id":"","isPreset":"true","mime_type":"image/illustrator","mode":"RGB","numArtboards":1.0,"presetSource":"film","previews":[],"price_prompt":"","resolution":72.0,"size":0.0,"template_category":"film","thumbnail_url":"SP_PresetFilmVideo.png","tip":"Start a new 8K FUHD document - 7680 x 4320 px","title":"8K FUHD","units":"pixelsUnit","width":7680.0},{"appSpecificKey":{"artboardLayout":0.0,"artboardRowsOrCols":1.0,"artboardSpacing":20.0,"bleedOffset":[0.0,0.0,0.0,0.0],"customFile":"","documentType":3.0,"gridColor1":[39321.0,39321.0,39321.0],"gridColor2":[26214.0,26214.0,26214.0],"height":480.0,"isATPG":"false","isArtboardLayoutLeftToRight":"true","lockBleed":true,"mode":"RGB","numArtboards":1.0,"pixelAspectRatio":1.2121,"ppi":72.0,"previewMode":2.0,"rasterEffectSettings":72.0,"settingsFile":"C:\\Users\\York\\AppData\\Roaming\\Adobe\\Adobe Illustrator 25 Settings\\en_US\\x64\\New Document Profiles\\Film & Video.ai","transparencyGrid":true,"width":873.0},"artboardSpacing":20.0,"description":"2048 x 1556 px","height":1556.0,"id":"","isPreset":"true","mime_type":"image/illustrator","mode":"RGB","numArtboards":1.0,"presetSource":"film","previews":[],"price_prompt":"","resolution":72.0,"size":0.0,"template_category":"film","thumbnail_url":"SP_PresetFilmVideo.png","tip":"Start a new 2K document - 2048 x 1556 px","title":"2K","units":"pixelsUnit","width":2048.0},{"appSpecificKey":{"artboardLayout":0.0,"artboardRowsOrCols":1.0,"artboardSpacing":20.0,"bleedOffset":[0.0,0.0,0.0,0.0],"customFile":"","documentType":3.0,"gridColor1":[39321.0,39321.0,39321.0],"gridColor2":[26214.0,26214.0,26214.0],"height":480.0,"isATPG":"false","isArtboardLayoutLeftToRight":"true","lockBleed":true,"mode":"RGB","numArtboards":1.0,"pixelAspectRatio":1.2121,"ppi":72.0,"previewMode":2.0,"rasterEffectSettings":72.0,"settingsFile":"C:\\Users\\York\\AppData\\Roaming\\Adobe\\Adobe Illustrator 25 Settings\\en_US\\x64\\New Document Profiles\\Film & Video.ai","transparencyGrid":true,"width":873.0},"artboardSpacing":20.0,"description":"654 x 480 px","height":480.0,"id":"","isPreset":"true","mime_type":"image/illustrator","mode":"RGB","numArtboards":1.0,"presetSource":"film","previews":[],"price_prompt":"","resolution":72.0,"size":0.0,"template_category":"film","thumbnail_url":"SP_PresetFilmVideo.png","tip":"Start a new NTSC DV document - 654 x 480 px","title":"NTSC DV","units":"pixelsUnit","width":654.0},{"appSpecificKey":{"artboardLayout":0.0,"artboardRowsOrCols":1.0,"artboardSpacing":20.0,"bleedOffset":[0.0,0.0,0.0,0.0],"customFile":"","documentType":3.0,"gridColor1":[39321.0,39321.0,39321.0],"gridColor2":[26214.0,26214.0,26214.0],"height":480.0,"isATPG":"false","isArtboardLayoutLeftToRight":"true","lockBleed":true,"mode":"RGB","numArtboards":1.0,"pixelAspectRatio":1.2121,"ppi":72.0,"previewMode":2.0,"rasterEffectSettings":72.0,"settingsFile":"C:\\Users\\York\\AppData\\Roaming\\Adobe\\Adobe Illustrator 25 Settings\\en_US\\x64\\New Document Profiles\\Film & Video.ai","transparencyGrid":true,"width":873.0},"artboardSpacing":20.0,"description":"873 x 480 px","height":480.0,"id":"","isPreset":"true","mime_type":"image/illustrator","mode":"RGB","numArtboards":1.0,"presetSource":"film","previews":[],"price_prompt":"","resolution":72.0,"size":0.0,"template_category":"film","thumbnail_url":"SP_PresetFilmVideo.png","tip":"Start a new NTSC DV Widescreen document - 873 x 480 px","title":"NTSC DV Widescreen","units":"pixelsUnit","width":873.0},{"appSpecificKey":{"artboardLayout":0.0,"artboardRowsOrCols":1.0,"artboardSpacing":20.0,"bleedOffset":[0.0,0.0,0.0,0.0],"customFile":"","documentType":3.0,"gridColor1":[39321.0,39321.0,39321.0],"gridColor2":[26214.0,26214.0,26214.0],"height":480.0,"isATPG":"false","isArtboardLayoutLeftToRight":"true","lockBleed":true,"mode":"RGB","numArtboards":1.0,"pixelAspectRatio":1.2121,"ppi":72.0,"previewMode":2.0,"rasterEffectSettings":72.0,"settingsFile":"C:\\Users\\York\\AppData\\Roaming\\Adobe\\Adobe Illustrator 25 Settings\\en_US\\x64\\New Document Profiles\\Film & Video.ai","transparencyGrid":true,"width":873.0},"artboardSpacing":20.0,"description":"654 x 486 px","height":486.0,"id":"","isPreset":"true","mime_type":"image/illustrator","mode":"RGB","numArtboards":1.0,"presetSource":"film","previews":[],"price_prompt":"","resolution":72.0,"size":0.0,"template_category":"film","thumbnail_url":"SP_PresetFilmVideo.png","tip":"Start a new NTSC D1 document - 654 x 486 px","title":"NTSC D1","units":"pixelsUnit","width":654.0},{"appSpecificKey":{"artboardLayout":0.0,"artboardRowsOrCols":1.0,"artboardSpacing":20.0,"bleedOffset":[0.0,0.0,0.0,0.0],"customFile":"","documentType":3.0,"gridColor1":[39321.0,39321.0,39321.0],"gridColor2":[26214.0,26214.0,26214.0],"height":480.0,"isATPG":"false","isArtboardLayoutLeftToRight":"true","lockBleed":true,"mode":"RGB","numArtboards":1.0,"pixelAspectRatio":1.2121,"ppi":72.0,"previewMode":2.0,"rasterEffectSettings":72.0,"settingsFile":"C:\\Users\\York\\AppData\\Roaming\\Adobe\\Adobe Illustrator 25 Settings\\en_US\\x64\\New Document Profiles\\Film & Video.ai","transparencyGrid":true,"width":873.0},"artboardSpacing":20.0,"description":"873 x 486 px","height":486.0,"id":"","isPreset":"true","mime_type":"image/illustrator","mode":"RGB","numArtboards":1.0,"presetSource":"film","previews":[],"price_prompt":"","resolution":72.0,"size":0.0,"template_category":"film","thumbnail_url":"SP_PresetFilmVideo.png","tip":"Start a new NTSC D1 Widescreen document - 873 x 486 px","title":"NTSC D1 Widescreen","units":"pixelsUnit","width":873.0},{"appSpecificKey":{"artboardLayout":0.0,"artboardRowsOrCols":1.0,"artboardSpacing":20.0,"bleedOffset":[0.0,0.0,0.0,0.0],"customFile":"","documentType":3.0,"gridColor1":[39321.0,39321.0,39321.0],"gridColor2":[26214.0,26214.0,26214.0],"height":480.0,"isATPG":"false","isArtboardLayoutLeftToRight":"true","lockBleed":true,"mode":"RGB","numArtboards":1.0,"pixelAspectRatio":1.2121,"ppi":72.0,"previewMode":2.0,"rasterEffectSettings":72.0,"settingsFile":"C:\\Users\\York\\AppData\\Roaming\\Adobe\\Adobe Illustrator 25 Settings\\en_US\\x64\\New Document Profiles\\Film & Video.ai","transparencyGrid":true,"width":873.0},"artboardSpacing":20.0,"description":"788 x 576 px","height":576.0,"id":"","isPreset":"true","mime_type":"image/illustrator","mode":"RGB","numArtboards":1.0,"presetSource":"film","previews":[],"price_prompt":"","resolution":72.0,"size":0.0,"template_category":"film","thumbnail_url":"SP_PresetFilmVideo.png","tip":"Start a new PAL D1/DV document - 788 x 576 px","title":"PAL D1/DV","units":"pixelsUnit","width":788.0},{"appSpecificKey":{"artboardLayout":0.0,"artboardRowsOrCols":1.0,"artboardSpacing":20.0,"bleedOffset":[0.0,0.0,0.0,0.0],"customFile":"","documentType":3.0,"gridColor1":[39321.0,39321.0,39321.0],"gridColor2":[26214.0,26214.0,26214.0],"height":480.0,"isATPG":"false","isArtboardLayoutLeftToRight":"true","lockBleed":true,"mode":"RGB","numArtboards":1.0,"pixelAspectRatio":1.2121,"ppi":72.0,"previewMode":2.0,"rasterEffectSettings":72.0,"settingsFile":"C:\\Users\\York\\AppData\\Roaming\\Adobe\\Adobe Illustrator 25 Settings\\en_US\\x64\\New Document Profiles\\Film & Video.ai","transparencyGrid":true,"width":873.0},"artboardSpacing":20.0,"description":"1050 x 576 px","height":576.0,"id":"","isPreset":"true","mime_type":"image/illustrator","mode":"RGB","numArtboards":1.0,"presetSource":"film","previews":[],"price_prompt":"","resolution":72.0,"size":0.0,"template_category":"film","thumbnail_url":"SP_PresetFilmVideo.png","tip":"Start a new PAL D1/DV Widescreen document - 1050 x 576 px","title":"PAL D1/DV Widescreen","units":"pixelsUnit","width":1050.0},{"appSpecificKey":{"artboardLayout":0.0,"artboardRowsOrCols":1.0,"artboardSpacing":20.0,"bleedOffset":[0.0,0.0,0.0,0.0],"customFile":"","documentType":3.0,"gridColor1":[39321.0,39321.0,39321.0],"gridColor2":[26214.0,26214.0,26214.0],"height":480.0,"isATPG":"false","isArtboardLayoutLeftToRight":"true","lockBleed":true,"mode":"RGB","numArtboards":1.0,"pixelAspectRatio":1.2121,"ppi":72.0,"previewMode":2.0,"rasterEffectSettings":72.0,"settingsFile":"C:\\Users\\York\\AppData\\Roaming\\Adobe\\Adobe Illustrator 25 Settings\\en_US\\x64\\New Document Profiles\\Film & Video.ai","transparencyGrid":true,"width":873.0},"artboardSpacing":20.0,"description":"1280 x 720 px","height":720.0,"id":"","isPreset":"true","mime_type":"image/illustrator","mode":"RGB","numArtboards":1.0,"presetSource":"film","previews":[],"price_prompt":"","resolution":72.0,"size":0.0,"template_category":"film","thumbnail_url":"SP_PresetFilmVideo.png","tip":"Start a new DVCPRO HD 720 document - 1280 x 720 px","title":"DVCPRO HD 720","units":"pixelsUnit","width":1280.0},{"appSpecificKey":{"artboardLayout":0.0,"artboardRowsOrCols":1.0,"artboardSpacing":20.0,"bleedOffset":[0.0,0.0,0.0,0.0],"customFile":"","documentType":3.0,"gridColor1":[39321.0,39321.0,39321.0],"gridColor2":[26214.0,26214.0,26214.0],"height":480.0,"isATPG":"false","isArtboardLayoutLeftToRight":"true","lockBleed":true,"mode":"RGB","numArtboards":1.0,"pixelAspectRatio":1.2121,"ppi":72.0,"previewMode":2.0,"rasterEffectSettings":72.0,"settingsFile":"C:\\Users\\York\\AppData\\Roaming\\Adobe\\Adobe Illustrator 25 Settings\\en_US\\x64\\New Document Profiles\\Film & Video.ai","transparencyGrid":true,"width":873.0},"artboardSpacing":20.0,"description":"1920 x 1080 px","height":1080.0,"id":"","isPreset":"true","mime_type":"image/illustrator","mode":"RGB","numArtboards":1.0,"presetSource":"film","previews":[],"price_prompt":"","resolution":72.0,"size":0.0,"template_category":"film","thumbnail_url":"SP_PresetFilmVideo.png","tip":"Start a new DVCPRO HD 1080 document - 1920 x 1080 px","title":"DVCPRO HD 1080","units":"pixelsUnit","width":1920.0},{"appSpecificKey":{"artboardLayout":0.0,"artboardRowsOrCols":1.0,"artboardSpacing":20.0,"bleedOffset":[0.0,0.0,0.0,0.0],"customFile":"","documentType":3.0,"gridColor1":[39321.0,39321.0,39321.0],"gridColor2":[26214.0,26214.0,26214.0],"height":480.0,"isATPG":"false","isArtboardLayoutLeftToRight":"true","lockBleed":true,"mode":"RGB","numArtboards":1.0,"pixelAspectRatio":1.2121,"ppi":72.0,"previewMode":2.0,"rasterEffectSettings":72.0,"settingsFile":"C:\\Users\\York\\AppData\\Roaming\\Adobe\\Adobe Illustrator 25 Settings\\en_US\\x64\\New Document Profiles\\Film & Video.ai","transparencyGrid":true,"width":873.0},"artboardSpacing":20.0,"description":"1828 x 1332 px","height":1332.0,"id":"","isPreset":"true","mime_type":"image/illustrator","mode":"RGB","numArtboards":1.0,"presetSource":"film","previews":[],"price_prompt":"","resolution":72.0,"size":0.0,"template_category":"film","thumbnail_url":"SP_PresetFilmVideo.png","tip":"Start a new Cineon Half document - 1828 x 1332 px","title":"Cineon Half","units":"pixelsUnit","width":1828.0},{"appSpecificKey":{"artboardLayout":0.0,"artboardRowsOrCols":1.0,"artboardSpacing":20.0,"bleedOffset":[0.0,0.0,0.0,0.0],"customFile":"","documentType":3.0,"gridColor1":[39321.0,39321.0,39321.0],"gridColor2":[26214.0,26214.0,26214.0],"height":480.0,"isATPG":"false","isArtboardLayoutLeftToRight":"true","lockBleed":true,"mode":"RGB","numArtboards":1.0,"pixelAspectRatio":1.2121,"ppi":72.0,"previewMode":2.0,"rasterEffectSettings":72.0,"settingsFile":"C:\\Users\\York\\AppData\\Roaming\\Adobe\\Adobe Illustrator 25 Settings\\en_US\\x64\\New Document Profiles\\Film & Video.ai","transparencyGrid":true,"width":873.0},"artboardSpacing":20.0,"description":"3656 x 2664 px","height":2664.0,"id":"","isPreset":"true","mime_type":"image/illustrator","mode":"RGB","numArtboards":1.0,"presetSource":"film","previews":[],"price_prompt":"","resolution":72.0,"size":0.0,"template_category":"film","thumbnail_url":"SP_PresetFilmVideo.png","tip":"Start a new Cineon Full document - 3656 x 2664 px","title":"Cineon Full","units":"pixelsUnit","width":3656.0},{"appSpecificKey":{"artboardLayout":0.0,"artboardRowsOrCols":1.0,"artboardSpacing":20.0,"bleedOffset":[0.0,0.0,0.0,0.0],"customFile":"","documentType":3.0,"gridColor1":[39321.0,39321.0,39321.0],"gridColor2":[26214.0,26214.0,26214.0],"height":480.0,"isATPG":"false","isArtboardLayoutLeftToRight":"true","lockBleed":true,"mode":"RGB","numArtboards":1.0,"pixelAspectRatio":1.2121,"ppi":72.0,"previewMode":2.0,"rasterEffectSettings":72.0,"settingsFile":"C:\\Users\\York\\AppData\\Roaming\\Adobe\\Adobe Illustrator 25 Settings\\en_US\\x64\\New Document Profiles\\Film & Video.ai","transparencyGrid":true,"width":873.0},"artboardSpacing":20.0,"description":"4096 x 3112 px","height":3112.0,"id":"","isPreset":"true","mime_type":"image/illustrator","mode":"RGB","numArtboards":1.0,"presetSource":"film","previews":[],"price_prompt":"","resolution":72.0,"size":0.0,"template_category":"film","thumbnail_url":"SP_PresetFilmVideo.png","tip":"Start a new Film (4K) document - 4096 x 3112 px","title":"Film (4K)","units":"pixelsUnit","width":4096.0},{"appSpecificKey":{"artboardLayout":0.0,"artboardRowsOrCols":1.0,"artboardSpacing":20.0,"bleedOffset":[0.0,0.0,0.0,0.0],"customFile":"","documentType":5.0,"gridColor1":[65535.0,65535.0,65535.0],"gridColor2":[52428.0,52428.0,52428.0],"height":560.0,"isATPG":"false","isArtboardLayoutLeftToRight":"true","lockBleed":true,"mode":"RGB","numArtboards":1.0,"pixelAspectRatio":1.0,"ppi":72.0,"previewMode":2.0,"rasterEffectSettings":72.0,"settingsFile":"C:\\Users\\York\\AppData\\Roaming\\Adobe\\Adobe Illustrator 25 Settings\\en_US\\x64\\New Document Profiles\\Art & Illustration.ai","transparencyGrid":false,"width":960.0},"artboardSpacing":20.0,"description":"288 x 560 pt","height":560.0,"id":"","isPreset":"true","mime_type":"image/illustrator","mode":"RGB","numArtboards":1.0,"presetSource":"art","previews":[],"price_prompt":"","resolution":72.0,"size":0.0,"template_category":"art","thumbnail_url":"SP_PresetArt.png","tip":"Start a new Postcard document - 288 x 560 pt","title":"Postcard","units":"pointsUnit","width":288.0},{"appSpecificKey":{"artboardLayout":0.0,"artboardRowsOrCols":1.0,"artboardSpacing":20.0,"bleedOffset":[0.0,0.0,0.0,0.0],"customFile":"","documentType":5.0,"gridColor1":[65535.0,65535.0,65535.0],"gridColor2":[52428.0,52428.0,52428.0],"height":560.0,"isATPG":"false","isArtboardLayoutLeftToRight":"true","lockBleed":true,"mode":"RGB","numArtboards":1.0,"pixelAspectRatio":1.0,"ppi":72.0,"previewMode":2.0,"rasterEffectSettings":72.0,"settingsFile":"C:\\Users\\York\\AppData\\Roaming\\Adobe\\Adobe Illustrator 25 Settings\\en_US\\x64\\New Document Profiles\\Art & Illustration.ai","transparencyGrid":false,"width":960.0},"artboardSpacing":20.0,"description":"1296 x 1728 pt","height":1728.0,"id":"","isPreset":"true","mime_type":"image/illustrator","mode":"RGB","numArtboards":1.0,"presetSource":"art","previews":[],"price_prompt":"","resolution":72.0,"size":0.0,"template_category":"art","thumbnail_url":"SP_PresetArt.png","tip":"Start a new Poster document - 1296 x 1728 pt","title":"Poster","units":"pointsUnit","width":1296.0},{"appSpecificKey":{"artboardLayout":0.0,"artboardRowsOrCols":1.0,"artboardSpacing":20.0,"bleedOffset":[0.0,0.0,0.0,0.0],"customFile":"","documentType":5.0,"gridColor1":[65535.0,65535.0,65535.0],"gridColor2":[52428.0,52428.0,52428.0],"height":560.0,"isATPG":"false","isArtboardLayoutLeftToRight":"true","lockBleed":true,"mode":"RGB","numArtboards":1.0,"pixelAspectRatio":1.0,"ppi":72.0,"previewMode":2.0,"rasterEffectSettings":72.0,"settingsFile":"C:\\Users\\York\\AppData\\Roaming\\Adobe\\Adobe Illustrator 25 Settings\\en_US\\x64\\New Document Profiles\\Art & Illustration.ai","transparencyGrid":false,"width":960.0},"artboardSpacing":20.0,"description":"1280 x 1024 pt","height":1024.0,"id":"","isPreset":"true","mime_type":"image/illustrator","mode":"RGB","numArtboards":1.0,"presetSource":"art","previews":[],"price_prompt":"","resolution":72.0,"size":0.0,"template_category":"art","thumbnail_url":"SP_PresetArt.png","tip":"Start a new 1280 x 1024 document - 1280 x 1024 pt","title":"1280 x 1024","units":"pointsUnit","width":1280.0},{"appSpecificKey":{"artboardLayout":0.0,"artboardRowsOrCols":1.0,"artboardSpacing":20.0,"bleedOffset":[0.0,0.0,0.0,0.0],"customFile":"","documentType":5.0,"gridColor1":[65535.0,65535.0,65535.0],"gridColor2":[52428.0,52428.0,52428.0],"height":560.0,"isATPG":"false","isArtboardLayoutLeftToRight":"true","lockBleed":true,"mode":"RGB","numArtboards":1.0,"pixelAspectRatio":1.0,"ppi":72.0,"previewMode":2.0,"rasterEffectSettings":72.0,"settingsFile":"C:\\Users\\York\\AppData\\Roaming\\Adobe\\Adobe Illustrator 25 Settings\\en_US\\x64\\New Document Profiles\\Art & Illustration.ai","transparencyGrid":false,"width":960.0},"artboardSpacing":20.0,"description":"1920 x 1080 pt","height":1080.0,"id":"","isPreset":"true","mime_type":"image/illustrator","mode":"RGB","numArtboards":1.0,"presetSource":"art","previews":[],"price_prompt":"","resolution":72.0,"size":0.0,"template_category":"art","thumbnail_url":"SP_PresetArt.png","tip":"Start a new 1920 x 1080 document - 1920 x 1080 pt","title":"1920 x 1080","units":"pointsUnit","width":1920.0},{"appSpecificKey":{"artboardLayout":0.0,"artboardRowsOrCols":1.0,"artboardSpacing":20.0,"bleedOffset":[0.0,0.0,0.0,0.0],"customFile":"","documentType":5.0,"gridColor1":[65535.0,65535.0,65535.0],"gridColor2":[52428.0,52428.0,52428.0],"height":560.0,"isATPG":"false","isArtboardLayoutLeftToRight":"true","lockBleed":true,"mode":"RGB","numArtboards":1.0,"pixelAspectRatio":1.0,"ppi":72.0,"previewMode":2.0,"rasterEffectSettings":72.0,"settingsFile":"C:\\Users\\York\\AppData\\Roaming\\Adobe\\Adobe Illustrator 25 Settings\\en_US\\x64\\New Document Profiles\\Art & Illustration.ai","transparencyGrid":false,"width":960.0},"artboardSpacing":20.0,"description":"792 x 612 pt","height":612.0,"id":"","isPreset":"true","mime_type":"image/illustrator","mode":"RGB","numArtboards":1.0,"presetSource":"art","previews":[],"price_prompt":"","resolution":72.0,"size":0.0,"template_category":"art","thumbnail_url":"SP_PresetArt.png","tip":"Start a new Letter document - 792 x 612 pt","title":"Letter","units":"pointsUnit","width":792.0},{"appSpecificKey":{"artboardLayout":0.0,"artboardRowsOrCols":1.0,"artboardSpacing":20.0,"bleedOffset":[0.0,0.0,0.0,0.0],"customFile":"","documentType":5.0,"gridColor1":[65535.0,65535.0,65535.0],"gridColor2":[52428.0,52428.0,52428.0],"height":560.0,"isATPG":"false","isArtboardLayoutLeftToRight":"true","lockBleed":true,"mode":"RGB","numArtboards":1.0,"pixelAspectRatio":1.0,"ppi":72.0,"previewMode":2.0,"rasterEffectSettings":72.0,"settingsFile":"C:\\Users\\York\\AppData\\Roaming\\Adobe\\Adobe Illustrator 25 Settings\\en_US\\x64\\New Document Profiles\\Art & Illustration.ai","transparencyGrid":false,"width":960.0},"artboardSpacing":20.0,"description":"841.89 x 595.28 pt","height":595.2755737304688,"id":"","isPreset":"true","mime_type":"image/illustrator","mode":"RGB","numArtboards":1.0,"presetSource":"art","previews":[],"price_prompt":"","resolution":72.0,"size":0.0,"template_category":"art","thumbnail_url":"SP_PresetArt.png","tip":"Start a new A4 document - 841.89 x 595.28 pt","title":"A4","units":"pointsUnit","width":841.8898315429688},{"appSpecificKey":{"artboardLayout":0.0,"artboardRowsOrCols":1.0,"artboardSpacing":20.0,"bleedOffset":[0.0,0.0,0.0,0.0],"customFile":"","documentType":5.0,"gridColor1":[65535.0,65535.0,65535.0],"gridColor2":[52428.0,52428.0,52428.0],"height":560.0,"isATPG":"false","isArtboardLayoutLeftToRight":"true","lockBleed":true,"mode":"RGB","numArtboards":1.0,"pixelAspectRatio":1.0,"ppi":72.0,"previewMode":2.0,"rasterEffectSettings":72.0,"settingsFile":"C:\\Users\\York\\AppData\\Roaming\\Adobe\\Adobe Illustrator 25 Settings\\en_US\\x64\\New Document Profiles\\Art & Illustration.ai","transparencyGrid":false,"width":960.0},"artboardSpacing":20.0,"description":"1224 x 792 pt","height":792.0,"id":"","isPreset":"true","mime_type":"image/illustrator","mode":"RGB","numArtboards":1.0,"presetSource":"art","previews":[],"price_prompt":"","resolution":72.0,"size":0.0,"template_category":"art","thumbnail_url":"SP_PresetArt.png","tip":"Start a new Tabloid document - 1224 x 792 pt","title":"Tabloid","units":"pointsUnit","width":1224.0},{"appSpecificKey":{"artboardLayout":0.0,"artboardRowsOrCols":1.0,"artboardSpacing":20.0,"bleedOffset":[0.0,0.0,0.0,0.0],"customFile":"","documentType":5.0,"gridColor1":[65535.0,65535.0,65535.0],"gridColor2":[52428.0,52428.0,52428.0],"height":560.0,"isATPG":"false","isArtboardLayoutLeftToRight":"true","lockBleed":true,"mode":"RGB","numArtboards":1.0,"pixelAspectRatio":1.0,"ppi":72.0,"previewMode":2.0,"rasterEffectSettings":72.0,"settingsFile":"C:\\Users\\York\\AppData\\Roaming\\Adobe\\Adobe Illustrator 25 Settings\\en_US\\x64\\New Document Profiles\\Art & Illustration.ai","transparencyGrid":false,"width":960.0},"artboardSpacing":20.0,"description":"960 x 560 pt","height":560.0,"id":"","isPreset":"true","mime_type":"image/illustrator","mode":"RGB","numArtboards":1.0,"presetSource":"art","previews":[],"price_prompt":"","resolution":72.0,"size":0.0,"template_category":"art","thumbnail_url":"SP_PresetArt.png","tip":"Start a new 960 x 560 document - 960 x 560 pt","title":"960 x 560","units":"pointsUnit","width":960.0},{"appSpecificKey":{"artboardLayout":0.0,"artboardRowsOrCols":1.0,"artboardSpacing":20.0,"bleedOffset":[0.0,0.0,0.0,0.0],"customFile":"","documentType":5.0,"gridColor1":[65535.0,65535.0,65535.0],"gridColor2":[52428.0,52428.0,52428.0],"height":560.0,"isATPG":"false","isArtboardLayoutLeftToRight":"true","lockBleed":true,"mode":"RGB","numArtboards":1.0,"pixelAspectRatio":1.0,"ppi":72.0,"previewMode":2.0,"rasterEffectSettings":72.0,"settingsFile":"C:\\Users\\York\\AppData\\Roaming\\Adobe\\Adobe Illustrator 25 Settings\\en_US\\x64\\New Document Profiles\\Art & Illustration.ai","transparencyGrid":false,"width":960.0},"artboardSpacing":20.0,"description":"1008 x 612 pt","height":612.0,"id":"","isPreset":"true","mime_type":"image/illustrator","mode":"RGB","numArtboards":1.0,"presetSource":"art","previews":[],"price_prompt":"","resolution":72.0,"size":0.0,"template_category":"art","thumbnail_url":"SP_PresetArt.png","tip":"Start a new Legal document - 1008 x 612 pt","title":"Legal","units":"pointsUnit","width":1008.0},{"appSpecificKey":{"artboardLayout":0.0,"artboardRowsOrCols":1.0,"artboardSpacing":20.0,"bleedOffset":[0.0,0.0,0.0,0.0],"customFile":"","documentType":5.0,"gridColor1":[65535.0,65535.0,65535.0],"gridColor2":[52428.0,52428.0,52428.0],"height":560.0,"isATPG":"false","isArtboardLayoutLeftToRight":"true","lockBleed":true,"mode":"RGB","numArtboards":1.0,"pixelAspectRatio":1.0,"ppi":72.0,"previewMode":2.0,"rasterEffectSettings":72.0,"settingsFile":"C:\\Users\\York\\AppData\\Roaming\\Adobe\\Adobe Illustrator 25 Settings\\en_US\\x64\\New Document Profiles\\Art & Illustration.ai","transparencyGrid":false,"width":960.0},"artboardSpacing":20.0,"description":"1190.55 x 841.89 pt","height":841.8898315429688,"id":"","isPreset":"true","mime_type":"image/illustrator","mode":"RGB","numArtboards":1.0,"presetSource":"art","previews":[],"price_prompt":"","resolution":72.0,"size":0.0,"template_category":"art","thumbnail_url":"SP_PresetArt.png","tip":"Start a new A3 document - 1190.55 x 841.89 pt","title":"A3","units":"pointsUnit","width":1190.5511474609376},{"appSpecificKey":{"artboardLayout":0.0,"artboardRowsOrCols":1.0,"artboardSpacing":20.0,"bleedOffset":[0.0,0.0,0.0,0.0],"customFile":"","documentType":5.0,"gridColor1":[65535.0,65535.0,65535.0],"gridColor2":[52428.0,52428.0,52428.0],"height":560.0,"isATPG":"false","isArtboardLayoutLeftToRight":"true","lockBleed":true,"mode":"RGB","numArtboards":1.0,"pixelAspectRatio":1.0,"ppi":72.0,"previewMode":2.0,"rasterEffectSettings":72.0,"settingsFile":"C:\\Users\\York\\AppData\\Roaming\\Adobe\\Adobe Illustrator 25 Settings\\en_US\\x64\\New Document Profiles\\Art & Illustration.ai","transparencyGrid":false,"width":960.0},"artboardSpacing":20.0,"description":"708.66 x 498.9 pt","height":498.89764404296877,"id":"","isPreset":"true","mime_type":"image/illustrator","mode":"RGB","numArtboards":1.0,"presetSource":"art","previews":[],"price_prompt":"","resolution":72.0,"size":0.0,"template_category":"art","thumbnail_url":"SP_PresetArt.png","tip":"Start a new B5 document - 708.66 x 498.9 pt","title":"B5","units":"pointsUnit","width":708.6614379882813},{"appSpecificKey":{"artboardLayout":0.0,"artboardRowsOrCols":1.0,"artboardSpacing":20.0,"bleedOffset":[0.0,0.0,0.0,0.0],"customFile":"","documentType":5.0,"gridColor1":[65535.0,65535.0,65535.0],"gridColor2":[52428.0,52428.0,52428.0],"height":560.0,"isATPG":"false","isArtboardLayoutLeftToRight":"true","lockBleed":true,"mode":"RGB","numArtboards":1.0,"pixelAspectRatio":1.0,"ppi":72.0,"previewMode":2.0,"rasterEffectSettings":72.0,"settingsFile":"C:\\Users\\York\\AppData\\Roaming\\Adobe\\Adobe Illustrator 25 Settings\\en_US\\x64\\New Document Profiles\\Art & Illustration.ai","transparencyGrid":false,"width":960.0},"artboardSpacing":20.0,"description":"1031.81 x 728.5 pt","height":728.5039672851563,"id":"","isPreset":"true","mime_type":"image/illustrator","mode":"RGB","numArtboards":1.0,"presetSource":"art","previews":[],"price_prompt":"","resolution":72.0,"size":0.0,"template_category":"art","thumbnail_url":"SP_PresetArt.png","tip":"Start a new B4 document - 1031.81 x 728.5 pt","title":"B4","units":"pointsUnit","width":1031.81103515625},{"appSpecificKey":{"artboardLayout":0.0,"artboardRowsOrCols":1.0,"artboardSpacing":20.0,"bleedOffset":[0.0,0.0,0.0,0.0],"customFile":"","documentType":5.0,"gridColor1":[65535.0,65535.0,65535.0],"gridColor2":[52428.0,52428.0,52428.0],"height":560.0,"isATPG":"false","isArtboardLayoutLeftToRight":"true","lockBleed":true,"mode":"RGB","numArtboards":1.0,"pixelAspectRatio":1.0,"ppi":72.0,"previewMode":2.0,"rasterEffectSettings":72.0,"settingsFile":"C:\\Users\\York\\AppData\\Roaming\\Adobe\\Adobe Illustrator 25 Settings\\en_US\\x64\\New Document Profiles\\Art & Illustration.ai","transparencyGrid":false,"width":960.0},"artboardSpacing":20.0,"description":"640 x 480 pt","height":480.0,"id":"","isPreset":"true","mime_type":"image/illustrator","mode":"RGB","numArtboards":1.0,"presetSource":"art","previews":[],"price_prompt":"","resolution":72.0,"size":0.0,"template_category":"art","thumbnail_url":"SP_PresetArt.png","tip":"Start a new 640 x 480 document - 640 x 480 pt","title":"640 x 480","units":"pointsUnit","width":640.0},{"appSpecificKey":{"artboardLayout":0.0,"artboardRowsOrCols":1.0,"artboardSpacing":20.0,"bleedOffset":[0.0,0.0,0.0,0.0],"customFile":"","documentType":5.0,"gridColor1":[65535.0,65535.0,65535.0],"gridColor2":[52428.0,52428.0,52428.0],"height":560.0,"isATPG":"false","isArtboardLayoutLeftToRight":"true","lockBleed":true,"mode":"RGB","numArtboards":1.0,"pixelAspectRatio":1.0,"ppi":72.0,"previewMode":2.0,"rasterEffectSettings":72.0,"settingsFile":"C:\\Users\\York\\AppData\\Roaming\\Adobe\\Adobe Illustrator 25 Settings\\en_US\\x64\\New Document Profiles\\Art & Illustration.ai","transparencyGrid":false,"width":960.0},"artboardSpacing":20.0,"description":"800 x 600 pt","height":600.0,"id":"","isPreset":"true","mime_type":"image/illustrator","mode":"RGB","numArtboards":1.0,"presetSource":"art","previews":[],"price_prompt":"","resolution":72.0,"size":0.0,"template_category":"art","thumbnail_url":"SP_PresetArt.png","tip":"Start a new 800 x 600 document - 800 x 600 pt","title":"800 x 600","units":"pointsUnit","width":800.0},{"appSpecificKey":{"artboardLayout":0.0,"artboardRowsOrCols":1.0,"artboardSpacing":20.0,"bleedOffset":[0.0,0.0,0.0,0.0],"customFile":"","documentType":5.0,"gridColor1":[65535.0,65535.0,65535.0],"gridColor2":[52428.0,52428.0,52428.0],"height":560.0,"isATPG":"false","isArtboardLayoutLeftToRight":"true","lockBleed":true,"mode":"RGB","numArtboards":1.0,"pixelAspectRatio":1.0,"ppi":72.0,"previewMode":2.0,"rasterEffectSettings":72.0,"settingsFile":"C:\\Users\\York\\AppData\\Roaming\\Adobe\\Adobe Illustrator 25 Settings\\en_US\\x64\\New Document Profiles\\Art & Illustration.ai","transparencyGrid":false,"width":960.0},"artboardSpacing":20.0,"description":"1280 x 800 pt","height":800.0,"id":"","isPreset":"true","mime_type":"image/illustrator","mode":"RGB","numArtboards":1.0,"presetSource":"art","previews":[],"price_prompt":"","resolution":72.0,"size":0.0,"template_category":"art","thumbnail_url":"SP_PresetArt.png","tip":"Start a new 1280 X 800 document - 1280 x 800 pt","title":"1280 X 800","units":"pointsUnit","width":1280.0},{"appSpecificKey":{"artboardLayout":0.0,"artboardRowsOrCols":1.0,"artboardSpacing":20.0,"bleedOffset":[0.0,0.0,0.0,0.0],"customFile":"","documentType":6.0,"gridColor1":[65535.0,65535.0,65535.0],"gridColor2":[52428.0,52428.0,52428.0],"height":2048.0,"isATPG":"false","isArtboardLayoutLeftToRight":"true","lockBleed":true,"mode":"RGB","numArtboards":1.0,"pixelAspectRatio":1.0,"ppi":72.0,"previewMode":2.0,"rasterEffectSettings":72.0,"settingsFile":"C:\\Users\\York\\AppData\\Roaming\\Adobe\\Adobe Illustrator 25 Settings\\en_US\\x64\\New Document Profiles\\Mobile.ai","transparencyGrid":false,"width":1536.0},"artboardSpacing":20.0,"description":"1125 x 2436 px","height":2436.0,"id":"","isPreset":"true","mime_type":"image/illustrator","mode":"RGB","numArtboards":1.0,"presetSource":"mobile","previews":[],"price_prompt":"","resolution":72.0,"size":0.0,"template_category":"mobile","thumbnail_url":"SP_PresetMobileAppDoc.png","tip":"Start a new iPhone X document - 1125 x 2436 px","title":"iPhone X","units":"pixelsUnit","width":1125.0},{"appSpecificKey":{"artboardLayout":0.0,"artboardRowsOrCols":1.0,"artboardSpacing":20.0,"bleedOffset":[0.0,0.0,0.0,0.0],"customFile":"","documentType":6.0,"gridColor1":[65535.0,65535.0,65535.0],"gridColor2":[52428.0,52428.0,52428.0],"height":2048.0,"isATPG":"false","isArtboardLayoutLeftToRight":"true","lockBleed":true,"mode":"RGB","numArtboards":1.0,"pixelAspectRatio":1.0,"ppi":72.0,"previewMode":2.0,"rasterEffectSettings":72.0,"settingsFile":"C:\\Users\\York\\AppData\\Roaming\\Adobe\\Adobe Illustrator 25 Settings\\en_US\\x64\\New Document Profiles\\Mobile.ai","transparencyGrid":false,"width":1536.0},"artboardSpacing":20.0,"description":"1242 x 2208 px","height":2208.0,"id":"","isPreset":"true","mime_type":"image/illustrator","mode":"RGB","numArtboards":1.0,"presetSource":"mobile","previews":[],"price_prompt":"","resolution":72.0,"size":0.0,"template_category":"mobile","thumbnail_url":"SP_PresetMobileAppDoc.png","tip":"Start a new iPhone 8/7/6 Plus document - 1242 x 2208 px","title":"iPhone 8/7/6 Plus","units":"pixelsUnit","width":1242.0},{"appSpecificKey":{"artboardLayout":0.0,"artboardRowsOrCols":1.0,"artboardSpacing":20.0,"bleedOffset":[0.0,0.0,0.0,0.0],"customFile":"","documentType":6.0,"gridColor1":[65535.0,65535.0,65535.0],"gridColor2":[52428.0,52428.0,52428.0],"height":2048.0,"isATPG":"false","isArtboardLayoutLeftToRight":"true","lockBleed":true,"mode":"RGB","numArtboards":1.0,"pixelAspectRatio":1.0,"ppi":72.0,"previewMode":2.0,"rasterEffectSettings":72.0,"settingsFile":"C:\\Users\\York\\AppData\\Roaming\\Adobe\\Adobe Illustrator 25 Settings\\en_US\\x64\\New Document Profiles\\Mobile.ai","transparencyGrid":false,"width":1536.0},"artboardSpacing":20.0,"description":"750 x 1334 px","height":1334.0,"id":"","isPreset":"true","mime_type":"image/illustrator","mode":"RGB","numArtboards":1.0,"presetSource":"mobile","previews":[],"price_prompt":"","resolution":72.0,"size":0.0,"template_category":"mobile","thumbnail_url":"SP_PresetMobileAppDoc.png","tip":"Start a new iPhone 8/7/6 document - 750 x 1334 px","title":"iPhone 8/7/6","units":"pixelsUnit","width":750.0},{"appSpecificKey":{"artboardLayout":0.0,"artboardRowsOrCols":1.0,"artboardSpacing":20.0,"bleedOffset":[0.0,0.0,0.0,0.0],"customFile":"","documentType":6.0,"gridColor1":[65535.0,65535.0,65535.0],"gridColor2":[52428.0,52428.0,52428.0],"height":2048.0,"isATPG":"false","isArtboardLayoutLeftToRight":"true","lockBleed":true,"mode":"RGB","numArtboards":1.0,"pixelAspectRatio":1.0,"ppi":72.0,"previewMode":2.0,"rasterEffectSettings":72.0,"settingsFile":"C:\\Users\\York\\AppData\\Roaming\\Adobe\\Adobe Illustrator 25 Settings\\en_US\\x64\\New Document Profiles\\Mobile.ai","transparencyGrid":false,"width":1536.0},"artboardSpacing":20.0,"description":"2048 x 2732 px","height":2732.0,"id":"","isPreset":"true","mime_type":"image/illustrator","mode":"RGB","numArtboards":1.0,"presetSource":"mobile","previews":[],"price_prompt":"","resolution":72.0,"size":0.0,"template_category":"mobile","thumbnail_url":"SP_PresetMobileAppDoc.png","tip":"Start a new iPad Pro document - 2048 x 2732 px","title":"iPad Pro","units":"pixelsUnit","width":2048.0},{"appSpecificKey":{"artboardLayout":0.0,"artboardRowsOrCols":1.0,"artboardSpacing":20.0,"bleedOffset":[0.0,0.0,0.0,0.0],"customFile":"","documentType":6.0,"gridColor1":[65535.0,65535.0,65535.0],"gridColor2":[52428.0,52428.0,52428.0],"height":2048.0,"isATPG":"false","isArtboardLayoutLeftToRight":"true","lockBleed":true,"mode":"RGB","numArtboards":1.0,"pixelAspectRatio":1.0,"ppi":72.0,"previewMode":2.0,"rasterEffectSettings":72.0,"settingsFile":"C:\\Users\\York\\AppData\\Roaming\\Adobe\\Adobe Illustrator 25 Settings\\en_US\\x64\\New Document Profiles\\Mobile.ai","transparencyGrid":false,"width":1536.0},"artboardSpacing":20.0,"description":"1536 x 2048 px","height":2048.0,"id":"","isPreset":"true","mime_type":"image/illustrator","mode":"RGB","numArtboards":1.0,"presetSource":"mobile","previews":[],"price_prompt":"","resolution":72.0,"size":0.0,"template_category":"mobile","thumbnail_url":"SP_PresetMobileAppDoc.png","tip":"Start a new iPad Retina document - 1536 x 2048 px","title":"iPad Retina","units":"pixelsUnit","width":1536.0},{"appSpecificKey":{"artboardLayout":0.0,"artboardRowsOrCols":1.0,"artboardSpacing":20.0,"bleedOffset":[0.0,0.0,0.0,0.0],"customFile":"","documentType":6.0,"gridColor1":[65535.0,65535.0,65535.0],"gridColor2":[52428.0,52428.0,52428.0],"height":2048.0,"isATPG":"false","isArtboardLayoutLeftToRight":"true","lockBleed":true,"mode":"RGB","numArtboards":1.0,"pixelAspectRatio":1.0,"ppi":72.0,"previewMode":2.0,"rasterEffectSettings":72.0,"settingsFile":"C:\\Users\\York\\AppData\\Roaming\\Adobe\\Adobe Illustrator 25 Settings\\en_US\\x64\\New Document Profiles\\Mobile.ai","transparencyGrid":false,"width":1536.0},"artboardSpacing":20.0,"description":"768 x 1024 px","height":1024.0,"id":"","isPreset":"true","mime_type":"image/illustrator","mode":"RGB","numArtboards":1.0,"presetSource":"mobile","previews":[],"price_prompt":"","resolution":72.0,"size":0.0,"template_category":"mobile","thumbnail_url":"SP_PresetMobileAppDoc.png","tip":"Start a new iPad document - 768 x 1024 px","title":"iPad","units":"pixelsUnit","width":768.0},{"appSpecificKey":{"artboardLayout":0.0,"artboardRowsOrCols":1.0,"artboardSpacing":20.0,"bleedOffset":[0.0,0.0,0.0,0.0],"customFile":"","documentType":6.0,"gridColor1":[65535.0,65535.0,65535.0],"gridColor2":[52428.0,52428.0,52428.0],"height":2048.0,"isATPG":"false","isArtboardLayoutLeftToRight":"true","lockBleed":true,"mode":"RGB","numArtboards":1.0,"pixelAspectRatio":1.0,"ppi":72.0,"previewMode":2.0,"rasterEffectSettings":72.0,"settingsFile":"C:\\Users\\York\\AppData\\Roaming\\Adobe\\Adobe Illustrator 25 Settings\\en_US\\x64\\New Document Profiles\\Mobile.ai","transparencyGrid":false,"width":1536.0},"artboardSpacing":20.0,"description":"1080 x 1920 px","height":1920.0,"id":"","isPreset":"true","mime_type":"image/illustrator","mode":"RGB","numArtboards":1.0,"presetSource":"mobile","previews":[],"price_prompt":"","resolution":72.0,"size":0.0,"template_category":"mobile","thumbnail_url":"SP_PresetMobileAppDoc.png","tip":"Start a new Google pixel/Pixel 2 document - 1080 x 1920 px","title":"Google pixel/Pixel 2","units":"pixelsUnit","width":1080.0},{"appSpecificKey":{"artboardLayout":0.0,"artboardRowsOrCols":1.0,"artboardSpacing":20.0,"bleedOffset":[0.0,0.0,0.0,0.0],"customFile":"","documentType":6.0,"gridColor1":[65535.0,65535.0,65535.0],"gridColor2":[52428.0,52428.0,52428.0],"height":2048.0,"isATPG":"false","isArtboardLayoutLeftToRight":"true","lockBleed":true,"mode":"RGB","numArtboards":1.0,"pixelAspectRatio":1.0,"ppi":72.0,"previewMode":2.0,"rasterEffectSettings":72.0,"settingsFile":"C:\\Users\\York\\AppData\\Roaming\\Adobe\\Adobe Illustrator 25 Settings\\en_US\\x64\\New Document Profiles\\Mobile.ai","transparencyGrid":false,"width":1536.0},"artboardSpacing":20.0,"description":"1440 x 2560 px","height":2560.0,"id":"","isPreset":"true","mime_type":"image/illustrator","mode":"RGB","numArtboards":1.0,"presetSource":"mobile","previews":[],"price_prompt":"","resolution":72.0,"size":0.0,"template_category":"mobile","thumbnail_url":"SP_PresetMobileAppDoc.png","tip":"Start a new Google pixel XL/Pixel 2 XL document - 1440 x 2560 px","title":"Google pixel XL/Pixel 2 XL","units":"pixelsUnit","width":1440.0},{"appSpecificKey":{"artboardLayout":0.0,"artboardRowsOrCols":1.0,"artboardSpacing":20.0,"bleedOffset":[0.0,0.0,0.0,0.0],"customFile":"","documentType":6.0,"gridColor1":[65535.0,65535.0,65535.0],"gridColor2":[52428.0,52428.0,52428.0],"height":2048.0,"isATPG":"false","isArtboardLayoutLeftToRight":"true","lockBleed":true,"mode":"RGB","numArtboards":1.0,"pixelAspectRatio":1.0,"ppi":72.0,"previewMode":2.0,"rasterEffectSettings":72.0,"settingsFile":"C:\\Users\\York\\AppData\\Roaming\\Adobe\\Adobe Illustrator 25 Settings\\en_US\\x64\\New Document Profiles\\Mobile.ai","transparencyGrid":false,"width":1536.0},"artboardSpacing":20.0,"description":"1440 x 2960 px","height":2960.0,"id":"","isPreset":"true","mime_type":"image/illustrator","mode":"RGB","numArtboards":1.0,"presetSource":"mobile","previews":[],"price_prompt":"","resolution":72.0,"size":0.0,"template_category":"mobile","thumbnail_url":"SP_PresetMobileAppDoc.png","tip":"Start a new Samsung S8 document - 1440 x 2960 px","title":"Samsung S8","units":"pixelsUnit","width":1440.0},{"appSpecificKey":{"artboardLayout":0.0,"artboardRowsOrCols":1.0,"artboardSpacing":20.0,"bleedOffset":[0.0,0.0,0.0,0.0],"customFile":"","documentType":6.0,"gridColor1":[65535.0,65535.0,65535.0],"gridColor2":[52428.0,52428.0,52428.0],"height":2048.0,"isATPG":"false","isArtboardLayoutLeftToRight":"true","lockBleed":true,"mode":"RGB","numArtboards":1.0,"pixelAspectRatio":1.0,"ppi":72.0,"previewMode":2.0,"rasterEffectSettings":72.0,"settingsFile":"C:\\Users\\York\\AppData\\Roaming\\Adobe\\Adobe Illustrator 25 Settings\\en_US\\x64\\New Document Profiles\\Mobile.ai","transparencyGrid":false,"width":1536.0},"artboardSpacing":20.0,"description":"2736 x 1824 px","height":1824.0,"id":"","isPreset":"true","mime_type":"image/illustrator","mode":"RGB","numArtboards":1.0,"presetSource":"mobile","previews":[],"price_prompt":"","resolution":72.0,"size":0.0,"template_category":"mobile","thumbnail_url":"SP_PresetMobileAppDoc.png","tip":"Start a new Surface Pro 4 document - 2736 x 1824 px","title":"Surface Pro 4","units":"pixelsUnit","width":2736.0},{"appSpecificKey":{"artboardLayout":0.0,"artboardRowsOrCols":1.0,"artboardSpacing":20.0,"bleedOffset":[0.0,0.0,0.0,0.0],"customFile":"","documentType":6.0,"gridColor1":[65535.0,65535.0,65535.0],"gridColor2":[52428.0,52428.0,52428.0],"height":2048.0,"isATPG":"false","isArtboardLayoutLeftToRight":"true","lockBleed":true,"mode":"RGB","numArtboards":1.0,"pixelAspectRatio":1.0,"ppi":72.0,"previewMode":2.0,"rasterEffectSettings":72.0,"settingsFile":"C:\\Users\\York\\AppData\\Roaming\\Adobe\\Adobe Illustrator 25 Settings\\en_US\\x64\\New Document Profiles\\Mobile.ai","transparencyGrid":false,"width":1536.0},"artboardSpacing":20.0,"description":"2160 x 1440 px","height":1440.0,"id":"","isPreset":"true","mime_type":"image/illustrator","mode":"RGB","numArtboards":1.0,"presetSource":"mobile","previews":[],"price_prompt":"","resolution":72.0,"size":0.0,"template_category":"mobile","thumbnail_url":"SP_PresetMobileAppDoc.png","tip":"Start a new Surface Pro 3 document - 2160 x 1440 px","title":"Surface Pro 3","units":"pixelsUnit","width":2160.0},{"appSpecificKey":{"artboardLayout":0.0,"artboardRowsOrCols":1.0,"artboardSpacing":20.0,"bleedOffset":[0.0,0.0,0.0,0.0],"customFile":"","documentType":6.0,"gridColor1":[65535.0,65535.0,65535.0],"gridColor2":[52428.0,52428.0,52428.0],"height":2048.0,"isATPG":"false","isArtboardLayoutLeftToRight":"true","lockBleed":true,"mode":"RGB","numArtboards":1.0,"pixelAspectRatio":1.0,"ppi":72.0,"previewMode":2.0,"rasterEffectSettings":72.0,"settingsFile":"C:\\Users\\York\\AppData\\Roaming\\Adobe\\Adobe Illustrator 25 Settings\\en_US\\x64\\New Document Profiles\\Mobile.ai","transparencyGrid":false,"width":1536.0},"artboardSpacing":20.0,"description":"312 x 390 px","height":390.0,"id":"","isPreset":"true","mime_type":"image/illustrator","mode":"RGB","numArtboards":1.0,"presetSource":"mobile","previews":[],"price_prompt":"","resolution":72.0,"size":0.0,"template_category":"mobile","thumbnail_url":"SP_PresetMobileAppDoc.png","tip":"Start a new Apple Watch 42mm document - 312 x 390 px","title":"Apple Watch 42mm","units":"pixelsUnit","width":312.0},{"appSpecificKey":{"artboardLayout":0.0,"artboardRowsOrCols":1.0,"artboardSpacing":20.0,"bleedOffset":[0.0,0.0,0.0,0.0],"customFile":"","documentType":6.0,"gridColor1":[65535.0,65535.0,65535.0],"gridColor2":[52428.0,52428.0,52428.0],"height":2048.0,"isATPG":"false","isArtboardLayoutLeftToRight":"true","lockBleed":true,"mode":"RGB","numArtboards":1.0,"pixelAspectRatio":1.0,"ppi":72.0,"previewMode":2.0,"rasterEffectSettings":72.0,"settingsFile":"C:\\Users\\York\\AppData\\Roaming\\Adobe\\Adobe Illustrator 25 Settings\\en_US\\x64\\New Document Profiles\\Mobile.ai","transparencyGrid":false,"width":1536.0},"artboardSpacing":20.0,"description":"272 x 340 px","height":340.0,"id":"","isPreset":"true","mime_type":"image/illustrator","mode":"RGB","numArtboards":1.0,"presetSource":"mobile","previews":[],"price_prompt":"","resolution":72.0,"size":0.0,"template_category":"mobile","thumbnail_url":"SP_PresetMobileAppDoc.png","tip":"Start a new Apple Watch 38mm document - 272 x 340 px","title":"Apple Watch 38mm","units":"pixelsUnit","width":272.0},{"appSpecificKey":{"artboardLayout":0.0,"artboardRowsOrCols":1.0,"artboardSpacing":20.0,"bleedOffset":[0.0,0.0,0.0,0.0],"customFile":"","documentType":6.0,"gridColor1":[65535.0,65535.0,65535.0],"gridColor2":[52428.0,52428.0,52428.0],"height":2048.0,"isATPG":"false","isArtboardLayoutLeftToRight":"true","lockBleed":true,"mode":"RGB","numArtboards":1.0,"pixelAspectRatio":1.0,"ppi":72.0,"previewMode":2.0,"rasterEffectSettings":72.0,"settingsFile":"C:\\Users\\York\\AppData\\Roaming\\Adobe\\Adobe Illustrator 25 Settings\\en_US\\x64\\New Document Profiles\\Mobile.ai","transparencyGrid":false,"width":1536.0},"artboardSpacing":20.0,"description":"1200 x 1920 px","height":1920.0,"id":"","isPreset":"true","mime_type":"image/illustrator","mode":"RGB","numArtboards":1.0,"presetSource":"mobile","previews":[],"price_prompt":"","resolution":72.0,"size":0.0,"template_category":"mobile","thumbnail_url":"SP_PresetMobileAppDoc.png","tip":"Start a new Nexus 7 (2013) document - 1200 x 1920 px","title":"Nexus 7 (2013)","units":"pixelsUnit","width":1200.0}]